,2023-12,2024-01,2024-02,2024-03,2024-04,2024-05,2024-06,2024-07,2024-08,2024-09,2024-10,2024-11,2024-12
01512000,2,2,2,2,3,3,3,3,4,4,3,3,4
01514000,3,3,3,3,3,4,3,4,3,3,2,3,4
01539000,0,0,0,1,2,2,2,4,3,3,4,4,2
01541000,0,0,1,3,1,1,2,4,4,3,3,3,3
01558000,0,2,1,2,3,3,3,3,3,3,3,3,4
01603000,2,2,2,3,3,3,3,3,3,3,3,3,4
01604000,0,0,0,2,2,2,2,4,4,3,4,4,1
01606000,0,0,1,2,3,3,2,4,4,4,4,4,3
01607000,2,2,2,3,3,3,3,4,4,3,3,3,4
01608000,2,2,2,2,3,3,2,3,3,3,3,3,4
01609000,2,2,2,2,2,3,4,4,4,3,3,3,4
01610000,0,3,1,1,1,4,1,3,1,1,2,2,1
01615000,2,2,2,3,3,3,3,2,4,4,4,3,1
01618000,2,2,2,2,3,3,3,4,3,3,3,3,3
01620000,0,2,2,2,3,3,3,4,4,3,3,4,4
01621000,2,2,2,2,3,3,3,4,4,4,3,3,4
01623000,1,2,2,2,3,3,3,4,4,3,3,4,4
01624000,2,2,3,3,3,3,3,3,3,4,4,3,4
01625000,3,3,3,3,3,3,3,3,3,3,3,3,4
01626000,2,2,2,3,3,3,3,4,4,4,4,4,4
01628000,0,1,1,2,2,4,2,3,3,3,3,4,4
01634000,0,2,2,3,3,3,2,3,4,3,4,2,4
01635000,2,2,2,2,3,3,3,4,4,3,3,3,3
01636000,2,2,2,3,3,3,3,3,3,3,3,3,4
01644000,2,2,2,3,3,3,3,3,4,4,3,3,4
01645000,2,2,2,2,3,3,4,4,4,4,3,3,3
01647000,2,2,2,2,2,3,2,2,4,4,4,2,1
01648000,2,2,2,2,3,3,3,3,4,4,4,3,3
01649000,2,2,1,1,2,3,2,3,3,3,3,3,4
01650000,2,2,1,2,2,4,2,4,4,3,3,3,3
01652000,2,2,1,2,1,2,4,4,4,4,4,3,3
01653000,3,2,3,3,3,3,3,3,3,3,3,3,3
01654000,1,2,2,2,3,3,3,3,4,4,3,3,4
01655000,0,2,1,2,3,3,3,4,4,4,3,4,3
01656000,0,2,2,1,2,3,2,3,4,3,4,4,4
01659000,1,2,1,2,2,4,2,3,3,3,2,4,3
01701000,0,0,0,1,1,1,1,1,1,1,2,2,1
01703000,3,2,1,2,2,2,4,3,4,3,4,4,2
01704000,0,0,0,1,2,4,2,2,2,2,4,2,1
01705000,0,0,0,1,1,2,4,4,3,3,2,2,1
01706000,0,0,0,1,1,2,4,2,3,3,2,2,2
01713000,0,0,0,1,1,2,1,2,1,4,2,2,1
01716000,0,0,0,1,2,2,2,3,2,2,2,2,1
01730000,0,1,1,2,2,4,2,3,4,2,4,4,1
04701000,0,0,0,0,1,1,1,2,2,1,2,2,2
04709000,0,1,0,1,2,2,2,2,2,2,2,2,1
04729000,1,0,3,3,1,4,1,2,2,1,2,2,2
05502000,2,2,2,1,3,2,3,3,4,2,3,4,4
05510000,0,0,1,1,1,1,3,2,2,1,1,4,2
05517000,1,0,2,2,3,3,3,4,4,4,3,3,3
05528000,0,0,0,2,3,3,3,4,4,4,3,3,2
05532000,3,3,3,3,3,3,4,4,4,4,3,4,3
05534000,1,3,3,3,3,4,3,4,4,3,3,3,1
05540000,0,0,0,1,2,3,4,4,4,4,4,4,3
05546000,3,3,3,3,3,3,4,4,3,3,3,4,4
05548000,2,2,2,1,1,2,3,4,4,4,3,3,1
05550000,2,2,2,1,1,2,1,1,2,4,2,4,4
05555000,3,3,2,2,3,3,4,4,4,4,3,4,2
05557000,2,2,1,1,1,1,1,2,1,1,1,1,1
05701000,0,0,0,0,1,1,1,1,2,1,1,1,2
05706000,0,0,0,1,1,2,1,2,2,1,1,1,1
05714000,0,0,0,1,1,2,1,1,2,1,2,1,1
05723000,0,0,0,1,1,2,1,2,2,2,2,1,1
07503000,3,3,1,3,3,3,2,3,3,3,4,4,3
07505000,0,0,0,2,2,2,2,3,3,2,3,4,4
07507000,0,0,0,2,2,2,2,3,3,2,3,4,4
07510000,0,0,0,2,2,2,4,4,3,3,3,4,4
07520000,0,0,0,1,2,2,2,3,3,2,3,2,4
07522000,0,0,0,2,2,2,2,3,3,3,3,4,4
07528000,2,0,1,1,2,2,4,4,3,2,2,2,1
07536000,0,0,0,2,3,3,2,3,3,2,4,4,4
07539000,0,0,0,1,2,2,1,2,3,2,2,2,1
07541000,0,0,0,1,2,2,2,3,3,2,3,2,4
07543000,0,0,0,2,2,2,2,3,3,2,3,4,4
07544000,2,1,0,2,2,3,2,2,3,2,4,4,3
07548000,0,0,0,1,2,2,1,2,2,2,1,1,1
07552000,2,0,0,1,2,2,3,3,3,3,3,4,4
07554000,2,2,2,2,2,3,2,3,3,2,4,3,4
07556000,3,3,3,3,3,3,3,3,3,3,3,3,3
07558000,0,0,0,1,2,2,1,1,2,2,2,2,1
07701000,0,0,0,0,1,2,1,1,2,1,2,1,1
07710000,0,0,0,1,1,2,1,1,2,2,2,2,1
07712000,0,0,0,1,1,2,1,1,2,2,2,2,1
07715000,0,0,0,0,2,2,1,3,3,2,2,2,1
07718000,0,0,0,1,2,2,1,1,3,2,2,2,1
07724000,0,0,0,1,1,2,1,1,3,2,2,2,1
07727000,0,0,0,0,1,2,1,1,2,1,2,2,1
08509000,3,3,3,3,3,3,3,4,2,3,3,4,2
08534000,0,0,0,2,2,3,3,2,2,2,4,4,1
08603000,3,3,3,3,3,4,3,4,2,3,3,3,3
08612000,3,3,3,3,3,3,3,4,4,3,3,3,3
08614000,1,2,2,2,3,3,3,4,3,3,3,4,4
08624000,2,2,2,1,3,3,3,4,4,4,3,4,3
08628000,2,2,2,2,3,3,3,4,4,4,3,3,4
08637000,1,2,2,3,3,3,3,3,3,3,3,4,4
08642000,0,0,2,2,3,3,3,4,4,4,3,3,3
08650000,2,2,2,2,3,3,3,4,3,3,4,3,4
08655000,0,0,0,1,2,2,2,2,4,4,4,4,2
08701000,0,0,0,0,1,2,1,1,2,1,1,1,2
08709000,0,0,0,1,1,2,1,2,2,4,2,4,2
10505000,2,2,2,2,3,3,3,4,4,3,2,4,2
10515000,3,3,3,3,3,3,3,3,4,4,2,4,2
10521000,3,2,2,2,3,3,3,4,3,4,4,4,4
10525000,0,0,0,1,2,2,1,2,4,4,4,4,4
10531000,2,2,3,1,3,3,4,2,4,4,2,4,3
10532000,2,2,1,1,3,3,3,4,4,4,4,4,4
10540000,0,0,0,1,2,3,3,4,4,4,4,4,4
10547000,3,3,3,3,3,3,3,4,4,4,4,4,4
10549000,0,0,0,1,3,3,3,4,4,4,3,3,4
10554000,0,0,0,1,3,3,3,2,4,4,4,3,4
10555000,2,2,1,3,3,3,3,2,2,4,1,4,2
10642000,3,3,3,3,3,3,3,2,4,4,1,3,4
10645000,0,2,3,3,3,3,3,2,4,4,4,4,2
11508000,2,2,2,2,3,3,3,4,4,4,4,4,3
11511000,3,3,3,3,3,3,3,3,4,4,3,3,3
11514000,3,3,2,3,3,3,3,4,3,3,3,3,4
11518000,3,3,3,3,3,3,3,4,4,4,3,3,4
11527000,3,3,3,3,3,4,3,2,1,4,1,3,3
11530000,3,3,3,3,3,3,3,4,4,4,3,3,3
11542000,2,2,2,2,3,3,3,4,4,3,4,4,4
11544000,3,3,3,3,3,4,3,4,3,3,3,3,2
11546000,3,3,3,3,3,4,4,4,4,4,3,3,4
11550000,1,3,3,3,3,4,3,4,3,3,3,3,2
11554000,3,3,1,2,3,4,4,4,4,4,2,3,3
11556000,2,2,2,3,3,4,3,3,1,1,3,3,3
11558000,3,3,2,3,3,3,3,3,3,2,3,3,4
11622000,3,3,3,3,3,3,3,4,3,3,3,4,2
11701000,0,0,0,0,1,1,1,2,1,1,2,2,2
11708000,3,3,3,3,3,4,2,2,1,4,1,3,1
11710000,0,0,0,3,3,4,4,2,1,1,2,2,2
11715000,3,3,3,3,3,4,3,3,1,1,2,3,2
11811000,3,3,3,3,3,3,3,4,3,3,4,4,4
11851000,3,3,3,3,3,3,3,2,2,3,1,4,2
12550000,2,2,2,3,2,3,2,3,2,2,4,3,4
12605000,3,3,3,3,2,2,1,1,2,1,1,1,1
12620000,3,3,3,3,3,3,3,4,3,2,3,3,3
12625000,2,2,2,3,3,2,2,3,2,2,3,3,4
12640000,0,0,0,1,1,2,1,1,2,2,2,2,1
12645000,2,2,3,2,2,2,2,2,4,4,4,3,4
12701000,0,0,0,0,1,2,1,1,2,2,2,1,1
17542000,2,2,2,3,2,3,4,4,4,2,4,3,3
17550000,2,2,2,2,2,4,2,3,2,2,2,2,1
17610000,0,0,0,1,1,2,1,1,2,2,2,2,1
17654000,2,1,0,1,1,1,1,1,2,2,2,2,1
17701000,0,0,0,0,1,1,1,1,2,1,2,2,1
17725000,0,0,0,0,1,1,1,1,2,1,2,2,1
17735000,0,0,0,0,1,2,1,1,2,2,2,2,1
18520000,0,0,0,0,2,2,1,3,3,2,2,2,1
18604000,2,2,2,2,3,3,2,1,4,4,4,1,4
18610000,2,1,1,2,2,3,2,2,3,4,4,4,4
18612000,3,3,3,3,2,4,2,3,3,2,3,3,4
18614000,2,2,2,2,2,2,2,3,4,4,4,3,4
18616000,2,0,0,0,2,2,1,3,2,2,2,2,1
18620000,2,1,2,2,3,3,2,3,3,2,3,4,4
18622000,2,2,2,2,2,2,2,2,4,2,4,4,4
18624000,2,3,3,3,3,3,2,3,3,2,3,1,4
18626000,3,3,3,3,3,3,3,3,1,1,1,2,3
18634000,2,2,2,3,2,3,3,3,3,2,3,3,4
18638000,1,1,3,3,2,2,2,3,3,2,4,3,4
18640000,2,1,2,2,2,2,2,3,2,2,4,4,1
18643000,2,2,2,0,1,2,1,1,4,4,4,4,3
18645000,3,3,2,3,3,3,2,3,3,2,3,3,4
18646000,2,1,1,1,2,2,2,3,3,4,3,3,4
18649000,2,2,2,0,2,2,1,1,2,1,1,1,1
18650000,2,2,3,2,2,3,2,3,3,2,3,3,4
18651000,0,0,0,1,2,2,1,1,2,2,4,1,1
18652000,2,2,2,2,2,2,2,3,3,2,4,3,4
18653000,2,2,2,3,2,3,2,4,3,2,3,4,4
18658000,1,2,2,2,2,2,2,4,3,2,3,3,4
18701000,0,0,0,0,1,2,1,1,2,1,2,1,1
18715000,0,0,0,1,1,2,1,3,3,2,2,2,1
18725000,0,0,0,1,2,2,2,3,3,2,2,2,2
18728000,2,1,2,1,2,2,2,3,3,2,3,3,4
19505000,3,3,3,3,3,4,3,2,4,4,4,3,1
19514000,0,0,0,1,1,1,4,2,3,3,2,2,2
19516000,3,3,2,3,3,3,3,4,3,3,3,3,4
19518000,3,3,3,3,2,4,3,3,4,4,3,3,3
19520000,0,0,0,0,1,1,1,1,1,1,1,2,1
19524000,3,3,3,3,3,4,3,4,4,4,3,3,2
19526000,3,3,3,3,3,4,3,1,1,1,2,4,3
19528000,3,3,3,3,3,3,3,4,4,4,3,3,4
19530000,3,3,3,3,3,3,3,4,4,3,3,3,3
19536000,3,3,3,3,3,3,3,3,1,4,1,3,4
19540000,3,3,3,3,3,4,3,4,4,3,3,3,3
19542000,3,3,2,3,3,3,3,4,3,3,3,4,3
19546000,3,3,3,3,3,4,3,3,3,3,3,3,3
19548000,3,3,2,3,3,3,3,4,1,2,2,3,3
19550000,3,3,3,3,3,4,4,3,1,4,3,3,3
19552000,3,3,3,3,3,4,3,4,3,3,3,4,4
19554000,3,3,3,3,3,4,3,3,3,3,3,2,3
22505000,0,0,0,1,1,2,1,2,2,2,2,2,1
22509000,0,1,0,2,2,3,3,3,3,3,3,3,3
22510000,3,3,2,3,3,3,3,4,4,4,3,2,4
22512000,2,2,1,2,2,4,2,3,4,2,4,4,4
22514000,2,2,2,2,2,3,2,2,4,4,4,4,3
22515000,2,2,2,1,2,3,4,4,4,4,3,3,3
22517000,2,2,2,3,3,3,4,4,3,3,3,3,3
22518000,1,2,2,2,3,3,4,4,4,2,3,4,3
22519000,2,1,1,1,2,2,4,4,4,2,3,3,4
22526000,3,3,2,3,3,3,3,4,3,3,3,3,4
22528000,0,0,0,1,1,2,4,1,2,2,2,2,1
22530000,2,2,2,2,2,3,2,3,2,2,4,4,4
22532000,2,1,2,1,1,2,2,3,2,2,3,2,1
22533000,3,3,3,3,2,2,2,3,1,1,1,4,3
22534000,2,2,2,3,2,3,4,4,3,3,3,3,4
22535000,3,3,3,3,2,4,4,4,4,4,4,3,3
22536000,3,3,3,1,1,2,4,4,3,3,3,3,4
22539000,3,3,2,3,3,3,3,4,4,4,3,3,4
22540000,0,0,0,1,1,2,4,4,3,3,3,2,1
22545000,0,1,0,1,2,3,4,4,3,2,4,4,4
22548000,1,1,0,2,2,2,2,2,2,2,4,4,2
22549000,1,2,2,2,2,3,4,4,3,4,4,3,4
22552000,0,1,1,1,3,3,4,4,4,4,4,3,3
22553000,1,2,1,2,3,3,4,4,4,2,3,4,2
22554000,3,3,1,1,2,3,4,4,3,4,4,4,4
22556000,3,3,2,3,3,3,4,4,3,3,3,4,4
22557000,2,2,2,2,1,2,3,4,4,4,4,3,4
22701000,0,0,0,0,1,1,1,1,1,1,1,1,1
22703000,0,0,0,1,1,2,1,3,2,2,2,2,1
22715000,0,0,0,0,1,2,1,1,3,2,2,2,1
22721000,0,0,0,1,1,2,1,2,1,1,2,2,1
22727000,0,0,0,1,1,2,4,3,3,2,3,2,4
24603000,2,2,2,2,2,4,2,3,4,2,3,3,4
24605000,1,1,1,1,2,2,4,4,4,2,3,4,4
24611000,2,1,1,1,2,3,4,2,4,2,4,4,4
24614000,2,2,2,3,3,3,2,4,4,4,4,4,4
24615000,2,2,2,1,1,2,2,4,4,4,4,3,3
24619000,3,3,2,3,3,3,2,3,4,4,4,3,3
24621000,3,3,1,1,2,4,4,3,3,2,3,3,3
24623000,3,3,3,3,3,4,3,3,1,1,1,3,4
24625000,3,3,2,1,3,4,3,3,4,4,3,3,3
24629000,2,2,2,1,1,2,4,3,4,4,1,4,2
24631000,3,3,3,3,3,4,3,2,1,1,2,3,3
24633000,0,0,1,3,1,2,1,2,2,2,2,2,1
24635000,3,3,3,3,3,4,4,3,3,2,3,4,4
24637000,3,3,3,3,3,3,3,4,3,3,3,3,3
24701000,0,0,0,0,1,1,1,1,1,1,2,2,2
24703000,3,3,3,3,3,4,4,3,2,2,3,4,3
24705000,0,0,0,1,1,2,4,3,2,2,2,2,1
24706000,0,0,0,3,1,4,1,3,1,1,2,2,2
24707000,3,3,3,0,2,2,2,1,2,2,4,4,3
24711000,0,0,0,0,1,1,1,1,1,1,1,2,1
25542000,2,2,1,1,2,2,4,3,4,4,3,3,3
25550000,0,3,3,3,3,3,3,4,3,3,4,4,4
25604000,2,2,3,3,3,4,3,4,3,3,3,3,4
25605000,2,2,3,3,3,3,3,4,4,3,4,4,4
25607000,2,2,2,3,3,3,3,3,4,1,2,4,3
25609000,2,2,2,2,3,3,4,4,4,4,4,3,4
25610000,2,2,2,2,3,3,3,4,4,4,4,3,4
25614000,0,3,3,3,3,3,3,4,3,3,3,4,4
25616000,0,2,0,2,3,3,3,4,3,3,3,3,4
25622000,2,2,2,2,3,3,4,4,4,4,4,4,4
25628000,0,1,0,2,2,2,4,4,3,3,3,4,4
25630000,2,2,2,2,3,3,4,4,4,3,4,3,4
25634000,2,2,2,1,2,4,4,4,4,3,2,4,3
25640000,2,2,2,2,2,3,4,2,4,4,4,4,1
25644000,0,0,0,3,3,3,3,2,2,2,2,2,2
25648000,2,2,2,1,1,3,4,1,3,2,3,2,1
25655000,0,0,0,0,1,1,1,2,1,1,2,2,1
25657000,2,2,2,3,3,3,4,4,4,4,4,3,4
25701000,0,0,0,0,1,1,1,2,2,1,2,2,2
25703000,0,0,0,0,1,2,1,2,1,1,2,2,2
25714000,0,0,0,0,1,1,1,2,2,1,2,2,2
25726000,0,1,0,3,3,4,4,4,3,3,2,4,2
25732000,0,1,0,2,2,2,4,4,3,4,4,4,2
25736000,0,0,0,2,1,2,4,2,2,4,2,4,2
25738000,0,0,0,3,3,4,3,1,2,1,2,1,2
25745000,0,0,1,2,2,3,4,4,3,4,2,4,1
25746000,3,3,3,3,3,3,4,4,3,3,2,2,1
27506000,2,2,2,3,3,3,2,3,4,2,4,4,3
27510000,0,0,0,1,1,2,1,1,2,2,2,2,1
27513000,3,2,1,1,2,2,4,4,4,4,4,4,3
27514000,1,1,1,1,1,1,4,4,4,3,3,4,3
27515000,2,2,1,2,2,2,4,4,4,4,4,3,4
27518000,3,3,3,3,3,4,3,4,4,4,4,3,3
27519000,2,2,3,3,3,4,3,1,4,4,4,4,3
27527000,0,0,1,1,2,3,3,4,4,4,4,4,4
27539000,0,0,0,1,1,2,1,2,2,2,4,2,1
27701000,0,0,0,0,1,1,1,1,2,1,1,2,1
27705000,2,0,0,1,1,2,2,2,2,2,4,2,1
27709000,2,2,2,3,3,3,2,2,2,2,4,4,1
27712000,3,3,3,3,3,4,3,3,1,1,2,2,3
27717000,2,1,1,1,1,2,2,2,2,2,4,4,1
27725000,2,3,3,3,1,1,1,1,1,1,1,1,3
27734000,0,0,0,1,2,2,1,2,2,2,4,4,1
28502000,3,3,3,3,3,4,4,3,3,3,3,2,3
28504000,1,1,0,1,2,2,2,3,2,2,2,2,1
28506000,2,2,1,1,2,3,4,4,4,4,3,2,3
28508000,2,3,1,1,1,2,4,3,2,2,3,2,4
28510000,3,3,1,3,2,4,4,4,3,4,3,3,3
28512000,0,0,0,1,1,2,1,3,2,2,2,2,1
28514000,3,1,1,3,3,3,3,3,3,2,3,2,3
28516000,1,1,0,2,3,3,4,3,3,2,3,3,3
28518000,2,3,2,3,3,4,3,3,3,2,3,4,4
28522000,2,1,1,1,2,4,2,3,2,2,2,2,2
28524000,2,2,3,3,3,4,4,3,3,2,3,2,2
28526000,3,3,2,2,2,3,4,3,3,2,3,4,4
28528000,0,0,0,1,1,2,1,1,2,2,2,2,1
28530000,0,0,0,0,1,2,1,1,2,2,2,2,1
28532000,1,3,2,3,3,3,4,4,4,4,3,4,3
28534000,3,3,3,3,3,4,2,3,2,2,3,3,3
28538000,3,3,2,3,1,4,3,1,1,2,2,2,1
28540000,3,3,3,3,2,4,4,4,3,3,3,4,3
28542000,2,2,2,2,2,2,4,3,3,2,3,3,4
28543000,0,1,3,3,1,4,4,3,1,1,2,2,2
28544000,2,2,1,1,2,3,4,3,2,2,3,3,3
28545000,1,1,0,3,3,4,3,3,2,2,3,2,1
28546000,1,1,0,1,1,1,4,3,2,2,3,3,4
28547000,2,2,2,3,3,3,3,4,4,3,3,3,3
28548000,0,0,0,1,2,2,4,2,2,2,2,2,1
28549000,1,1,1,3,2,4,2,3,2,2,4,3,4
28550000,2,3,2,2,3,4,4,4,3,3,3,4,4
28551000,3,1,3,3,3,3,3,3,3,2,3,3,3
28552000,2,2,2,1,2,3,3,3,4,3,3,3,3
28553000,3,3,3,3,3,3,3,4,3,4,3,3,4
28555000,1,1,0,3,3,3,4,3,3,3,3,3,4
28556000,3,3,3,3,3,4,4,4,3,4,2,2,3
28557000,3,3,3,3,3,4,4,3,3,3,3,3,4
28701000,0,0,0,0,1,1,1,1,1,1,2,2,1
28750000,0,0,0,1,1,2,1,1,2,2,2,2,1
29701000,0,0,0,0,1,1,1,1,1,1,2,2,1
29715000,0,0,0,0,1,1,1,1,1,1,2,2,1
30510000,0,1,3,3,3,3,3,4,3,3,3,3,4
30519000,0,0,0,2,3,3,3,4,3,3,4,4,4
30607000,0,0,0,0,2,1,2,2,2,4,4,4,1
30613000,0,0,0,2,2,2,2,2,4,2,4,4,4
30701000,0,0,0,0,2,2,2,2,2,2,2,4,2
30824000,0,0,0,2,2,4,3,3,3,3,3,4,2
30827000,1,0,2,2,2,3,3,3,3,3,3,4,4
32504000,1,2,2,3,3,3,3,4,3,3,3,3,1
32510000,3,3,3,3,3,3,3,4,3,3,3,3,1
32516000,0,0,0,1,3,3,4,4,4,4,3,3,4
32525000,0,0,3,3,3,3,4,4,3,3,3,4,2
32528000,0,3,3,3,3,3,3,3,4,3,3,3,2
32531000,0,0,3,3,3,3,4,4,3,3,3,2,1
32534000,3,3,3,3,3,3,3,4,3,3,3,3,4
32537000,0,0,3,3,3,3,3,4,3,3,3,3,4
32543000,1,3,3,3,3,3,4,4,3,3,3,4,4
32546000,0,3,3,3,3,3,3,4,3,3,3,2,1
32704000,0,0,0,1,2,2,2,2,2,2,2,2,1
32715000,3,3,3,3,3,4,3,2,3,3,2,2,1
32716000,0,0,0,1,1,2,4,2,1,1,2,2,2
32728000,0,3,3,3,3,4,3,4,1,3,2,2,2
32734000,3,3,3,3,3,4,4,4,3,3,2,2,2
32740000,1,3,3,3,3,4,3,4,3,3,3,2,2
33502000,3,3,3,3,3,3,3,4,4,3,4,4,3
33503000,3,3,3,3,3,3,3,4,4,4,3,4,3
33507000,3,3,3,3,3,4,3,3,3,2,3,3,3
33516000,1,0,1,3,3,3,3,4,3,3,3,3,3
33521000,3,3,1,3,3,3,4,4,4,4,3,4,3
33522000,3,3,3,3,3,3,3,4,4,3,3,3,4
33524000,3,3,3,3,3,4,3,3,4,4,3,4,3
33529000,2,2,2,1,3,4,3,3,4,4,3,3,3
33531000,3,3,2,2,3,3,4,4,4,4,4,4,3
33533000,3,3,3,3,3,3,3,4,4,4,3,3,3
33534000,3,3,3,3,3,3,3,4,4,4,3,3,3
33540000,3,3,2,3,3,3,3,3,1,3,3,3,4
33543000,2,2,2,3,3,3,3,4,4,3,3,3,3
33605000,3,3,3,3,3,3,3,4,1,4,1,3,3
33608000,3,3,3,3,3,3,3,4,4,4,3,3,3
33610000,3,3,3,3,3,3,3,4,4,4,3,3,3
33614000,3,3,3,3,3,3,3,4,4,4,3,3,3
33617000,2,2,2,2,3,3,4,4,4,3,3,4,3
33618000,2,0,0,1,1,1,1,2,1,1,2,2,1
33619000,2,2,2,2,3,3,3,3,4,4,3,3,3
33620000,2,2,2,3,3,3,3,4,4,3,3,3,4
33623000,3,3,3,3,3,3,3,4,4,3,4,4,4
33625000,3,2,2,3,3,3,3,4,4,4,4,3,4
33627000,2,3,2,3,3,4,3,4,4,3,3,3,4
33628000,3,3,3,3,3,4,3,2,4,2,2,2,2
33632000,3,3,3,3,3,4,3,4,4,2,3,4,2
33637000,3,3,3,1,3,4,4,3,4,4,4,3,3
33641000,3,3,3,3,3,3,3,4,4,3,3,4,3
33647000,3,3,1,2,3,4,3,4,4,4,3,3,4
33649000,2,2,2,3,3,4,3,2,4,1,1,2,3
33650000,1,1,1,3,3,4,3,4,4,4,2,3,3
33701000,0,0,0,1,1,1,1,2,1,1,2,2,2
33704000,0,0,0,3,3,4,3,3,4,3,3,3,3
33707000,0,0,0,3,1,4,4,2,1,1,2,2,2
33710000,3,3,3,3,3,4,4,2,4,2,3,3,3
34502000,1,2,1,2,3,3,3,3,4,4,4,3,3
34510000,2,2,2,2,3,3,3,4,4,3,3,3,4
34512000,0,1,3,3,3,3,3,4,4,4,3,3,4
34518000,3,3,2,3,3,4,3,3,4,4,3,3,3
34522000,3,3,2,3,3,3,3,4,4,3,3,3,4
34524000,2,2,2,2,3,3,4,4,3,3,3,3,4
34532000,0,0,0,1,3,3,3,4,4,3,3,3,3
34534000,3,3,2,2,3,3,3,4,4,4,3,3,3
34536000,1,3,1,2,3,3,3,4,4,4,3,3,1
34538000,0,2,1,2,3,3,3,4,4,2,3,3,4
34540000,3,3,3,3,3,4,3,3,4,2,4,3,4
34614000,0,0,0,1,1,2,1,1,2,3,3,2,2
34626000,3,3,3,3,3,3,3,4,4,3,2,4,2
34701000,0,0,0,0,1,1,1,1,2,1,2,2,2
34705000,3,3,3,3,3,4,3,4,3,4,3,3,3
34706000,0,1,3,3,3,4,3,3,1,1,1,1,1
34708000,1,1,3,3,3,4,3,3,1,1,3,3,4
34730000,3,3,3,3,3,3,3,4,3,2,3,3,4
36604000,3,3,3,1,2,2,4,4,4,4,4,3,4
36606000,3,3,3,3,3,4,2,3,4,4,4,4,3
36608000,2,2,2,2,2,3,2,3,4,4,4,3,4
36610000,2,2,2,1,2,2,4,3,4,4,3,3,4
36612000,1,2,1,2,2,4,2,3,4,4,4,3,3
36615000,2,1,2,1,2,3,2,2,4,4,4,4,3
36616000,3,3,3,3,3,3,3,4,4,4,3,3,3
36617000,3,0,1,3,3,3,3,3,1,3,3,3,3
36618000,2,2,1,1,1,2,4,2,1,1,4,2,1
36620000,3,3,3,3,3,4,2,1,4,1,4,4,3
36622000,3,3,3,3,3,3,4,4,4,4,3,3,4
36624000,0,0,0,2,3,3,2,2,4,4,4,3,4
36630000,1,3,3,3,2,2,2,3,4,4,3,2,3
36632000,2,0,0,1,2,2,4,2,4,4,4,4,3
36634000,2,2,2,1,3,3,4,4,4,4,4,3,4
36638000,3,3,3,3,3,3,2,2,4,4,4,4,1
36640000,0,0,0,1,1,2,1,2,2,2,4,2,1
36642000,0,0,0,1,2,2,2,2,2,2,2,2,1
36644000,2,2,2,1,3,3,2,4,4,4,4,4,4
36646000,2,2,2,2,3,3,3,4,4,4,3,3,3
36648000,3,3,1,3,3,4,3,3,3,2,3,3,3
36650000,2,2,2,1,2,2,2,3,3,3,4,3,3
36701000,0,0,0,0,1,2,1,1,1,1,1,1,1
36704000,0,0,0,1,1,2,1,1,1,1,2,2,1
36708000,0,0,0,1,1,2,1,1,2,1,1,1,1
36713000,0,0,0,1,1,2,1,1,1,1,1,1,1
36718000,2,3,2,1,2,2,2,2,1,1,4,2,3
36724000,0,0,0,1,2,2,1,1,1,1,2,2,1
36727000,1,0,1,1,2,2,4,1,4,4,1,2,1
36735000,0,0,0,1,1,2,1,1,2,1,2,2,1
36750000,0,0,0,1,1,2,4,1,2,2,2,2,1
37502000,2,2,2,1,3,3,2,4,4,2,4,4,2
37506000,2,2,3,3,3,3,3,4,3,3,4,4,4
37508000,3,3,3,3,3,3,3,4,4,4,4,3,3
37509000,2,2,2,2,3,3,2,3,3,2,3,3,3
37510000,3,3,3,3,3,3,3,4,4,4,4,3,4
37512000,3,3,3,3,3,3,3,4,4,4,4,4,3
37516000,2,2,2,3,3,3,3,4,4,4,3,3,4
37518000,2,2,2,1,3,3,3,4,4,4,4,3,4
37520000,3,3,2,3,3,3,3,4,3,4,4,4,4
37524000,2,2,2,2,2,3,4,4,4,4,3,3,3
37526000,3,3,3,3,3,3,3,3,3,1,3,3,4
37528000,2,2,2,1,1,2,2,3,4,1,4,3,3
37530000,3,3,2,3,3,3,4,4,4,4,4,3,4
37532000,2,3,3,3,3,3,2,3,4,4,4,3,4
37536000,2,2,2,1,3,4,4,3,4,4,3,4,3
37540000,2,2,2,1,3,3,4,4,4,4,4,3,3
37542000,2,2,2,2,2,3,4,4,4,4,4,4,1
37544000,2,2,2,1,3,3,4,4,4,4,4,3,1
37546000,3,3,3,3,3,3,4,4,4,4,4,4,3
37701000,0,0,0,1,1,2,4,2,3,3,2,2,1
37705000,0,0,0,1,2,2,4,2,2,3,2,4,2
40302000,0,0,0,0,0,1,1,1,1,1,1,1,1
40303000,0,0,0,0,1,1,1,1,1,1,1,1,1
40305000,0,0,0,0,0,1,1,1,1,1,1,1,1
40306000,0,0,0,0,1,1,1,1,1,1,1,1,1
40309000,0,0,0,0,0,1,1,1,1,1,1,1,1
40310000,0,0,0,0,1,1,1,1,1,1,1,1,1
40311000,0,0,0,0,1,1,1,1,1,1,1,1,1
40312000,0,0,0,0,1,1,1,1,1,1,1,1,1
40313000,0,0,0,0,1,1,1,1,1,1,1,1,1
40314000,0,0,0,0,1,1,1,1,1,1,1,1,1
40315000,0,0,0,0,0,1,1,1,1,1,1,1,1
40316000,0,0,0,0,1,1,1,1,1,1,1,1,1
40318000,0,0,0,0,1,1,1,1,1,1,1,2,1
40319000,0,0,0,0,1,1,1,1,1,1,1,1,1
40320000,0,0,0,0,1,2,4,1,1,1,1,1,1
40321000,0,0,0,0,1,1,1,1,1,1,1,1,1
40323000,0,0,0,0,0,1,1,1,1,1,1,1,1
40324000,0,0,0,0,0,1,1,1,1,1,1,2,1
40325000,0,0,0,0,1,1,1,1,1,1,1,1,1
40326000,0,0,0,0,1,1,1,1,1,1,1,1,1
40327000,0,0,0,0,1,1,1,1,1,1,1,1,1
40328000,0,0,0,0,1,1,1,1,1,1,1,1,1
40329000,0,0,0,0,1,1,1,1,1,1,1,1,1
40330000,0,0,0,0,1,1,1,1,1,1,1,1,1
40332000,0,0,0,0,1,1,1,1,1,1,1,2,1
40334000,0,0,0,0,1,1,1,1,1,1,1,2,1
40335000,0,0,0,0,0,1,1,1,1,1,1,2,1
40336000,0,0,0,0,1,1,1,1,1,1,1,2,1
40337000,0,0,0,0,1,1,1,1,1,1,1,2,1
40338000,0,0,0,0,1,1,1,1,1,1,1,1,1
40339000,0,0,0,0,1,1,1,1,1,1,1,1,1
40340000,0,0,0,0,1,1,1,1,1,1,1,2,1
40341000,0,0,0,0,1,1,1,1,1,1,1,1,1
40342000,0,0,0,0,1,1,1,1,1,1,1,2,1
40343000,0,0,0,0,1,1,1,1,1,1,2,2,1
40345000,0,0,0,0,1,1,1,1,1,1,1,1,1
40348000,0,0,0,0,1,1,1,1,1,1,1,1,1
40349000,0,0,0,0,1,1,1,1,1,1,1,1,1
40350000,0,0,0,0,1,1,1,1,1,1,1,1,1
40351000,0,0,0,0,1,1,1,1,1,1,1,1,1
40352000,0,0,0,0,1,1,1,1,1,1,1,1,1
40353000,0,0,0,0,1,1,1,1,1,1,1,1,1
40354000,0,0,0,0,1,1,1,1,1,1,1,2,1
40355000,0,0,0,0,1,1,1,1,1,1,1,2,1
40356000,0,0,0,0,1,1,1,1,1,1,1,2,1
40357000,0,0,0,0,1,1,1,1,1,1,1,2,1
40358000,0,0,0,0,1,1,1,1,1,1,1,1,1
40359000,0,0,0,0,1,1,1,1,1,1,1,1,1
40360000,0,0,0,0,1,1,1,1,1,1,1,2,1
40362000,0,0,0,0,1,1,1,1,1,1,1,2,1
40366000,0,0,0,0,1,1,1,1,1,1,1,1,1
40372000,0,0,0,0,1,1,1,1,1,1,1,2,1
40373000,0,0,0,0,0,1,1,1,1,1,1,1,1
40374000,0,0,0,0,1,1,1,1,1,1,1,2,1
40375000,0,0,0,0,0,1,1,1,1,1,1,2,1
40376000,0,0,0,0,0,1,1,1,1,1,1,1,1
40377000,0,0,0,0,0,1,1,1,1,1,1,1,1
40378000,0,0,0,0,1,1,1,1,1,1,1,1,1
40380000,0,0,0,0,1,1,1,1,1,1,1,2,1
40381000,0,0,0,0,1,1,1,1,1,1,1,1,1
40382000,0,0,0,0,1,1,1,1,1,1,1,2,1
40384000,0,0,0,0,1,1,1,1,1,1,1,1,1
40385000,0,0,0,0,1,1,1,1,1,1,1,1,1
40387000,0,0,0,0,1,1,1,1,1,1,1,1,1
40389000,0,0,0,0,1,1,1,1,1,1,1,1,1
40390000,0,0,0,0,0,1,1,1,1,1,1,1,1
40391000,0,0,0,0,0,1,1,1,1,1,1,2,1
40392000,0,0,0,0,0,1,1,1,1,1,1,1,1
40394000,0,0,0,0,0,1,1,1,1,1,1,1,1
40395000,0,0,0,0,1,1,1,1,1,1,1,2,1
40396000,0,0,0,0,1,1,1,1,1,1,1,2,1
40397000,0,0,0,0,1,1,1,1,1,1,1,2,1
40901000,0,0,0,0,1,1,1,1,1,1,1,2,1
40902000,0,0,0,0,1,1,1,1,1,1,1,1,1
40904000,0,0,0,0,1,1,1,1,1,1,1,2,1
40907000,0,0,0,0,1,1,1,1,1,1,1,2,1
40908000,0,0,0,0,0,1,1,1,1,1,1,1,1
40910000,0,0,0,0,0,1,1,1,1,1,1,1,1
40911000,0,0,0,0,0,1,1,1,1,1,1,1,1
40912000,0,0,0,0,0,1,1,1,1,1,1,1,1
40913000,0,0,0,0,0,1,1,1,1,1,1,1,1
41518000,0,0,0,0,1,1,1,1,1,1,1,2,1
41603000,1,3,3,3,3,4,4,3,1,1,2,2,1
41606000,3,3,3,3,3,4,4,4,3,3,3,2,1
41609000,0,0,0,0,1,4,4,2,1,1,2,2,1
41612000,0,0,0,0,1,1,1,1,1,1,1,1,1
41615000,0,0,0,0,1,1,1,1,1,1,2,2,1
41621000,0,0,0,0,1,1,1,1,1,1,2,2,1
41624000,0,0,0,3,1,4,4,1,1,1,2,2,1
41627000,0,3,3,3,3,4,4,4,3,3,3,3,2
41633000,0,0,0,0,1,1,1,1,1,1,2,2,1
41636000,1,3,3,3,3,4,3,4,3,3,3,3,1
41639000,0,0,0,0,2,2,1,3,3,2,2,2,1
41642000,3,3,3,3,3,4,4,3,2,1,2,2,1
41645000,0,0,0,1,1,1,1,2,1,1,2,2,1
41648000,0,0,0,0,1,1,1,1,1,1,2,2,1
42515000,2,2,2,3,2,4,2,2,3,2,4,4,1
42527000,2,2,2,3,3,3,2,2,4,2,4,3,4
42542000,3,3,3,3,3,4,3,2,4,3,2,4,2
42636000,2,2,1,3,3,4,4,3,4,1,4,2,1
42701000,0,0,0,1,1,2,1,1,3,1,2,2,1
42715000,0,0,0,1,1,2,4,2,3,3,2,2,1
44502000,3,2,2,2,2,3,2,1,4,4,1,4,1
44522000,1,0,0,1,2,3,2,3,2,2,4,4,4
44701000,0,0,0,3,3,3,2,1,2,1,1,1,2
45301000,0,0,0,0,0,1,1,1,1,1,1,1,1
45302000,0,0,0,0,0,1,1,1,1,1,1,1,1
45303000,0,0,0,0,0,1,1,1,1,1,1,1,1
45304000,0,0,0,0,1,1,1,1,1,1,1,1,1
45305000,0,0,0,0,0,1,1,1,1,1,1,1,1
45306000,0,0,0,0,0,1,1,1,1,1,1,1,1
45307000,0,0,0,0,0,1,1,1,1,1,1,1,1
45308000,0,0,0,0,1,1,1,1,1,1,1,1,1
45309000,0,0,0,0,0,1,1,1,1,1,1,1,1
45310000,0,0,0,0,1,1,1,1,1,1,1,1,1
45311000,0,0,0,0,1,1,1,1,1,1,1,1,1
45312000,0,0,0,0,0,1,1,1,1,1,1,1,1
45313000,0,0,0,0,0,1,1,1,1,1,1,1,1
45314000,0,0,0,0,0,1,1,1,1,1,1,1,1
45315000,0,0,0,0,0,1,1,1,1,1,1,1,1
45316000,0,0,0,0,0,1,1,1,1,1,1,1,1
45318000,0,0,0,0,0,1,1,1,1,1,1,1,1
45319000,0,0,0,0,0,1,1,1,1,1,1,1,1
45320000,0,0,0,0,0,1,1,1,1,1,1,1,1
45322000,0,0,0,0,0,1,1,1,1,1,1,1,1
45323000,0,0,0,0,0,1,1,1,1,1,1,1,1
45324000,0,0,0,0,0,1,1,1,1,1,1,1,1
45325000,0,0,0,0,0,1,1,1,1,1,1,1,1
45326000,0,0,0,0,0,1,1,1,1,1,1,1,1
45327000,0,0,0,0,0,1,1,1,1,1,1,1,1
45328000,0,0,0,0,0,1,1,1,1,1,1,1,1
45329000,0,0,0,0,0,1,1,1,1,1,1,1,1
45330000,0,0,0,0,0,1,1,1,1,1,1,1,1
45331000,0,0,0,0,0,1,1,1,1,1,1,1,1
45332000,0,0,0,0,1,1,1,1,1,1,1,1,1
45333000,0,0,0,0,0,1,1,1,1,1,1,1,1
45334000,0,0,0,0,0,1,1,1,1,1,1,1,1
45335000,0,0,0,0,0,1,1,1,1,1,1,1,1
45336000,0,0,0,0,0,1,1,1,1,1,1,1,1
45337000,0,0,0,0,0,1,1,1,1,1,1,1,1
45338000,0,0,0,0,0,1,1,1,1,1,1,1,1
45340000,0,0,0,0,0,1,1,1,1,1,1,1,1
45341000,0,0,0,0,0,1,1,1,1,1,1,1,1
45342000,0,0,0,0,0,1,1,1,1,1,1,1,1
45343000,0,0,0,0,1,1,1,1,2,1,1,1,1
45344000,0,0,0,0,0,1,1,1,1,1,1,1,1
45345000,0,0,0,0,0,1,1,1,1,1,1,1,1
45346000,0,0,0,0,0,1,1,1,1,1,1,1,1
45347000,0,0,0,0,0,1,1,1,1,1,1,1,1
45348000,0,0,0,0,0,1,1,1,1,1,1,1,1
45350000,0,0,0,0,0,1,1,1,1,1,1,1,1
45352000,0,0,0,0,1,1,1,1,1,1,1,1,1
45353000,0,0,0,0,0,1,1,1,1,1,1,1,1
45354000,0,0,0,0,1,1,1,1,1,1,1,1,1
45355000,0,0,0,0,0,1,1,1,1,1,1,1,1
45356000,0,0,0,0,0,1,1,1,1,1,1,1,1
45357000,0,0,0,0,0,1,1,1,1,1,1,1,1
45358000,0,0,0,0,0,1,1,1,1,1,1,1,1
45359000,0,0,0,0,0,1,1,1,1,1,1,1,1
45360000,0,0,0,0,0,1,1,1,1,1,1,1,1
45361000,0,0,0,0,0,1,1,1,1,1,1,1,1
45362000,0,0,0,0,0,1,1,1,1,1,1,1,1
45364000,0,0,0,0,1,1,1,1,1,1,1,1,1
45366000,0,0,0,0,1,1,1,1,1,1,1,1,1
45367000,0,0,0,0,0,1,1,1,1,1,1,1,1
45368000,0,0,0,0,0,1,1,1,1,1,1,1,1
45369000,0,0,0,0,0,1,1,1,1,1,1,1,1
45370000,0,0,0,0,0,1,1,1,1,1,1,1,1
45371000,0,0,0,0,0,1,1,1,1,1,1,1,1
45372000,0,0,0,0,0,1,1,1,1,1,1,1,1
45373000,0,0,0,0,0,1,1,1,1,1,1,1,1
45374000,0,0,0,0,0,1,1,1,1,1,1,1,1
45375000,0,0,0,0,0,1,1,1,1,1,1,1,1
45376000,0,0,0,0,0,1,1,1,1,1,1,1,1
45377000,0,0,0,0,1,1,1,1,1,1,1,1,1
45379000,0,0,0,0,0,1,1,1,1,1,1,1,1
45380000,0,0,0,0,0,1,1,1,1,1,1,1,1
45381000,0,0,0,0,0,1,1,1,1,1,1,1,1
45382000,0,0,0,0,0,1,1,1,1,1,1,1,1
45383000,0,0,0,0,0,1,1,1,1,1,1,1,1
45384000,0,0,0,0,0,1,1,1,1,1,1,1,1
45385000,0,0,0,0,0,1,1,1,1,1,1,1,1
45386000,0,0,0,0,1,1,1,1,1,1,1,1,1
45387000,0,0,0,0,0,1,1,1,1,1,1,1,1
45388000,0,0,0,0,0,1,1,1,1,1,1,1,1
45389000,0,0,0,0,0,1,1,1,1,1,1,1,1
45390000,0,0,0,0,0,1,1,1,1,1,1,1,1
45391000,0,0,0,0,0,1,1,1,1,1,1,1,1
45392000,0,0,0,0,0,1,1,1,1,1,1,1,1
45393000,0,0,0,0,0,1,1,1,1,1,1,1,1
45395000,0,0,0,0,0,1,1,1,1,1,1,1,1
45396000,0,0,0,0,0,1,1,1,1,1,1,1,1
45397000,0,0,0,0,0,1,1,1,1,1,1,1,1
45901000,0,0,0,0,0,1,1,1,1,1,1,1,1
45902000,0,0,0,0,0,1,1,1,1,1,1,1,1
45903000,0,0,0,0,0,1,1,1,1,1,1,1,1
45905000,0,0,0,0,0,1,1,1,1,1,1,1,1
45906000,0,0,0,0,0,1,1,1,1,1,1,1,1
45907000,0,0,0,0,1,1,1,1,1,1,1,1,1
45908000,0,0,0,0,0,1,1,1,1,1,1,1,1
45909000,0,0,0,0,0,1,1,1,1,1,1,1,1
45910000,0,0,0,0,0,1,1,1,1,1,1,1,1
45911000,0,0,0,0,0,1,1,1,1,1,1,1,1
45912000,0,0,0,0,1,1,1,1,1,1,1,1,1
45913000,0,0,0,0,0,1,1,1,1,1,1,1,1
45916000,0,0,0,0,0,1,1,1,1,1,1,1,1
45917000,0,0,0,0,0,1,1,1,1,1,1,1,1
45918000,0,0,0,0,0,1,1,1,1,1,1,1,1
45919000,0,0,0,0,0,1,1,1,1,1,1,1,1
45920000,0,0,0,0,0,1,1,1,1,1,1,1,1
45921000,0,0,0,0,0,1,1,1,1,1,1,1,1
45922000,0,0,0,0,0,1,1,1,1,1,1,1,1
45923000,0,0,0,0,0,1,1,1,1,1,1,1,1
45924000,0,0,0,0,0,1,1,1,1,1,1,1,1
45925000,0,0,0,0,0,1,1,1,1,1,1,1,1
45926000,0,0,0,0,0,1,1,1,1,1,1,1,1
45927000,0,0,0,0,0,1,1,1,1,1,1,1,1
45931000,0,0,0,0,0,1,1,1,1,1,1,1,1
45941000,0,0,0,0,1,1,1,1,1,1,1,1,1
46508000,0,0,0,0,1,2,1,1,2,2,2,2,1
46522000,0,0,0,0,1,2,1,1,2,1,2,2,1
46529000,2,3,2,3,2,4,4,3,3,2,3,2,1
46533000,0,0,0,0,1,1,1,1,2,1,1,1,1
46547000,0,0,0,0,1,2,1,1,2,1,1,1,1
46552000,3,3,3,3,3,4,3,3,2,2,3,4,4
46566000,0,0,0,0,1,2,1,1,2,2,2,2,1
46568000,0,0,0,0,1,1,1,1,1,1,1,1,1
46572000,3,3,3,3,3,4,3,3,3,2,3,2,4
46584000,0,0,0,0,1,2,1,1,2,1,2,1,1
46586000,0,0,0,0,1,2,1,1,2,1,2,2,1
46587000,1,1,1,3,1,4,1,1,2,2,2,2,1
46704000,0,0,0,0,0,1,1,1,1,1,1,1,1
46705000,0,0,0,0,1,2,1,1,2,2,1,1,1
46709000,0,0,0,0,1,1,1,1,1,1,1,1,1
46710000,0,0,0,0,1,2,1,1,2,1,1,1,1
46716000,0,0,0,0,1,1,1,1,1,1,1,1,1
46718000,0,0,0,0,1,1,1,1,1,1,1,2,1
46728000,0,0,0,0,1,1,1,1,2,1,1,1,1
46735000,0,0,0,0,1,2,1,1,2,2,2,2,1
46737000,0,0,0,0,1,1,1,1,2,1,2,1,1
46739000,0,0,0,0,0,1,1,1,2,1,1,1,1
46740000,0,0,0,0,1,1,1,1,1,1,1,1,1
46741000,0,0,0,0,1,1,1,1,1,1,1,1,1
46742000,0,0,0,0,1,2,1,1,2,1,1,1,1
46744000,0,0,0,0,0,1,1,1,1,1,1,1,1
46746000,0,0,0,0,1,1,1,1,1,1,1,1,1
46748000,0,0,0,0,0,1,1,1,1,1,1,1,1
46750000,0,0,0,0,1,1,1,1,2,1,1,1,1
46755000,0,0,0,0,0,1,1,1,1,1,1,1,1
46757000,0,0,0,0,1,2,1,1,1,1,1,1,1
46758000,0,0,0,0,1,1,1,1,2,1,1,1,1
46760000,0,0,0,0,1,1,1,1,2,1,1,1,1
46764000,0,0,0,0,0,1,1,1,1,1,1,1,1
46770000,0,0,0,0,1,1,1,1,2,1,2,2,1
46771000,0,0,0,0,1,1,1,1,2,1,1,1,1
46776000,0,0,0,0,1,1,1,1,1,1,1,2,1
46778000,1,3,3,3,1,4,2,1,2,2,1,2,1
46780000,0,0,0,0,1,2,1,1,1,1,1,1,1
46781000,3,3,3,3,1,4,1,3,2,2,2,2,1
46788000,0,0,0,0,1,2,1,1,1,1,1,1,1
46790000,0,0,0,0,1,1,1,1,1,1,1,1,1
47515000,1,3,3,3,3,4,3,1,1,1,2,2,2
47517000,3,3,3,3,3,4,3,3,1,1,2,2,2
47519000,0,0,0,3,1,4,1,1,1,1,2,2,2
47524000,3,3,3,3,3,4,3,2,1,1,2,2,2
47526000,3,3,3,3,3,4,3,4,1,1,3,3,2
47528000,1,3,3,3,3,4,3,1,1,1,2,2,2
47701000,0,0,0,0,1,4,1,1,1,1,2,2,2
49510000,2,2,2,2,2,3,2,2,2,2,4,4,4
49512000,2,2,2,3,3,4,3,3,1,2,4,3,3
49514000,3,3,3,3,3,4,4,4,3,3,3,3,2
49523000,3,3,3,3,3,4,3,3,2,2,3,3,3
49524000,2,1,1,1,2,4,2,2,4,4,4,3,3
49532000,1,1,3,3,3,4,3,3,3,3,3,4,3
49538000,2,2,2,2,2,2,4,4,4,2,3,3,4
49545000,1,3,3,3,3,4,3,3,4,4,3,3,4
49701000,0,0,0,0,1,1,1,1,1,1,2,2,1
50517000,1,0,1,2,3,3,4,4,4,3,2,4,2
50536000,3,3,3,3,3,3,2,3,3,2,4,3,4
50550000,3,2,3,3,3,3,4,4,4,3,3,4,2
50603000,2,2,2,2,3,3,3,4,3,3,3,4,4
50604000,0,0,1,1,2,2,4,4,4,3,4,4,1
50606000,0,0,0,1,2,2,4,4,3,2,3,4,4
50613000,0,1,1,2,2,2,2,3,3,2,4,4,1
50615000,3,3,3,1,3,1,4,4,3,3,2,2,1
50619000,2,2,1,1,2,3,2,4,4,4,4,4,3
50621000,2,2,2,1,2,2,4,4,3,2,4,4,4
50623000,2,2,2,1,2,3,4,2,4,4,4,4,1
50625000,0,0,2,2,3,3,3,2,4,2,4,4,4
50627000,2,2,2,2,3,3,4,4,4,3,3,4,4
50632000,1,2,2,2,3,3,4,4,4,4,3,4,4
50634000,2,2,2,2,3,3,3,3,3,2,3,4,4
50638000,2,2,1,2,1,1,2,2,2,2,4,4,3
50640000,0,0,0,1,1,2,1,2,1,1,2,1,1
50642000,2,2,2,2,2,3,2,4,4,2,4,4,1
50652000,2,2,2,2,1,2,4,4,4,3,4,2,1
50655000,2,1,1,1,2,3,4,4,3,3,2,4,4
50657000,2,2,2,1,2,3,4,4,3,4,4,3,4
50658000,2,2,1,2,3,3,4,4,4,4,4,4,4
50659000,2,2,1,1,1,2,4,2,4,2,4,4,3
50701000,0,0,0,0,1,1,1,1,1,1,2,1,1
50708000,0,0,0,1,1,1,1,2,2,1,2,2,1
50712000,0,0,0,1,1,2,1,2,2,1,2,2,1
50717000,0,0,0,1,1,1,1,1,2,1,2,2,1
50740000,0,0,0,0,1,1,1,1,2,1,1,1,1
52634000,2,2,2,2,2,3,4,4,4,4,4,4,4
52644000,0,0,0,1,2,2,2,2,1,1,1,1,3
52650000,2,2,2,1,2,2,2,4,4,4,4,4,3
52658000,2,2,2,1,2,2,4,4,3,4,2,4,4
52701000,0,0,0,1,1,2,1,2,1,1,2,1,1
53502000,1,3,3,3,3,3,3,3,3,4,1,3,4
53503000,0,0,1,1,3,4,2,2,1,1,1,4,3
53504000,0,0,0,1,2,2,2,3,2,2,2,4,3
53505000,0,0,0,1,2,2,2,3,2,2,4,4,1
53506000,0,0,0,1,2,2,4,3,3,4,4,4,3
53507000,3,3,3,3,3,4,3,3,1,1,1,4,3
53604000,2,2,2,1,2,2,2,3,3,3,3,4,4
53605000,2,2,2,2,2,3,2,3,3,2,4,3,4
53607000,1,2,1,2,3,3,3,3,4,4,3,3,4
53610000,2,2,2,1,3,3,3,3,2,2,3,4,3
53611000,0,1,0,1,2,2,2,3,4,1,4,4,3
53617000,3,1,1,1,3,3,2,3,3,2,3,4,3
53619000,2,2,2,2,2,2,2,3,4,2,4,4,3
53622000,2,2,3,2,3,3,2,4,3,3,4,4,4
53625000,2,1,1,1,2,2,2,3,4,2,4,3,3
53627000,2,1,1,2,2,4,2,3,4,1,1,4,3
53630000,2,2,2,1,2,2,4,4,3,3,2,4,3
53631000,3,3,2,3,3,3,2,3,4,3,4,3,3
53637000,2,2,2,3,3,3,3,3,4,3,3,3,4
53638000,3,3,3,3,3,4,2,3,3,2,3,4,4
53640000,2,2,2,2,3,3,3,3,4,3,4,3,3
53641000,2,3,2,2,2,3,4,3,4,1,4,4,3
53642000,1,1,1,3,3,3,3,4,3,3,3,2,4
53651000,2,2,2,2,2,2,2,3,3,4,4,4,3
53652000,0,0,0,1,2,2,4,3,2,2,4,2,1
53653000,2,2,2,3,3,3,4,3,4,4,4,4,4
53656000,3,3,1,2,3,3,2,3,4,4,4,4,3
53701000,0,0,0,1,1,2,1,1,1,1,1,1,1
53708000,0,0,0,1,2,2,4,3,2,1,2,2,1
53712000,0,0,0,1,2,2,4,2,2,1,2,2,1
53715000,1,1,3,3,2,4,4,3,3,2,2,2,3
53720000,0,0,0,1,1,2,1,2,1,1,2,2,1
53723000,0,0,0,1,2,2,4,4,3,3,2,2,1
54604000,3,3,2,3,3,3,2,3,4,4,4,4,3
54608000,2,2,1,3,2,4,2,1,2,2,4,4,4
54610000,3,3,3,3,3,4,3,2,4,2,4,4,4
54615000,3,3,3,3,3,4,3,3,4,3,3,4,1
54618000,2,3,1,2,3,4,2,3,4,2,2,4,4
54623000,2,2,2,1,2,2,2,2,2,2,4,2,3
54624000,3,3,1,2,3,4,3,3,3,2,2,4,2
54625000,0,0,0,3,3,3,2,1,1,1,1,1,1
54632000,2,2,2,2,2,3,2,2,2,2,4,4,2
54639000,2,2,2,2,2,1,2,3,2,2,3,4,3
54643000,2,2,2,3,3,4,4,4,4,4,4,4,4
54650000,3,3,3,3,3,3,2,4,4,4,4,4,4
54654000,3,3,3,3,3,3,3,1,4,4,4,2,1
54655000,3,3,3,3,3,4,3,3,1,1,1,3,4
54657000,2,2,2,2,3,3,4,4,4,4,4,4,4
54659000,3,3,3,3,2,4,3,3,3,3,3,3,3
54701000,0,0,0,0,1,2,1,1,2,1,2,2,2
54705000,1,1,3,3,1,2,3,3,3,2,2,2,3
54710000,0,1,0,0,1,2,1,3,1,2,2,1,1
56603000,2,2,2,2,2,4,2,3,3,2,4,4,4
56609000,2,1,1,1,2,4,4,3,3,3,3,3,1
56612000,3,3,2,3,3,3,2,3,1,2,1,1,3
56613000,0,0,0,1,2,2,4,1,2,2,4,4,4
56615000,3,3,2,3,3,3,3,4,3,2,3,3,4
56623000,3,3,2,2,2,4,3,3,3,2,3,2,4
56626000,2,2,2,2,1,1,2,4,4,4,3,1,4
56631000,2,2,2,2,2,3,2,3,4,4,4,3,4
56633000,2,2,2,2,2,2,2,4,3,4,4,4,4
56642000,2,2,2,1,1,2,3,3,1,4,3,3,4
56643000,3,3,2,3,3,3,2,4,3,3,3,4,3
56644000,3,3,1,3,3,4,4,4,3,3,3,4,4
56645000,3,3,2,3,3,3,2,3,3,4,3,3,4
56647000,3,3,0,3,2,4,2,4,4,4,3,3,4
56649000,3,3,2,1,2,4,4,3,4,4,4,3,3
56651000,3,3,3,3,2,4,2,3,1,4,3,3,4
56654000,2,2,2,3,2,3,2,3,4,4,3,3,4
56655000,0,0,0,1,1,2,1,1,2,2,2,2,1
56656000,3,1,3,3,2,4,2,3,2,2,3,3,4
56658000,2,1,1,1,2,2,4,3,3,2,3,3,4
57503000,2,2,2,1,3,3,3,4,4,4,4,3,3
57504000,0,0,0,1,1,2,1,2,1,1,2,2,2
57508000,2,2,2,3,3,3,3,4,4,4,3,4,3
57512000,2,2,2,3,3,3,2,4,4,3,4,4,2
57513000,2,3,2,3,3,3,4,4,4,3,3,3,4
57514000,3,3,3,3,3,4,4,4,4,3,3,3,3
57516000,3,3,3,1,3,4,4,2,1,1,2,2,2
57517000,2,2,3,3,3,4,3,2,2,2,2,2,2
57518000,2,2,2,3,3,3,3,4,3,3,3,4,4
57522000,3,3,2,1,3,3,4,4,4,4,4,3,3
57524000,2,2,2,2,2,2,2,4,4,4,4,3,4
57525000,2,2,2,3,3,3,4,4,4,4,3,3,4
57526000,3,3,3,3,3,3,3,4,4,4,2,4,3
57527000,3,3,3,3,3,3,3,4,4,3,3,3,2
57528000,0,0,0,1,2,2,2,2,4,4,4,4,2
57529000,2,2,2,2,3,3,3,4,4,3,3,4,4
57530000,0,0,0,1,2,2,2,2,4,2,4,2,1
57532000,0,0,0,1,1,2,1,2,1,1,2,2,1
57534000,3,3,3,3,3,4,4,4,3,3,3,4,3
57538000,2,2,2,3,3,3,3,4,4,3,4,3,3
57542000,2,2,2,3,3,3,3,4,4,3,4,4,2
57544000,3,3,3,3,3,3,3,4,4,3,4,4,3
57548000,2,2,2,2,3,3,3,4,4,4,4,3,3
57550000,0,0,0,1,1,2,1,2,2,1,2,2,1
57551000,3,2,2,1,3,3,4,4,3,4,3,3,3
57552000,3,3,3,3,3,3,4,4,4,3,3,4,3
57555000,2,2,2,3,3,3,3,2,4,4,4,4,3
57556000,3,3,2,3,3,3,3,3,4,3,4,4,3
57557000,0,0,0,1,2,2,2,2,4,2,2,2,2
57558000,0,0,0,1,2,2,4,4,3,3,3,2,1
57559000,3,2,2,1,3,3,4,4,4,4,4,3,3
57560000,2,2,3,3,3,3,3,2,4,4,4,4,4
57735000,0,0,0,0,1,1,1,2,1,1,2,2,2
58504000,1,3,3,3,3,4,3,3,4,3,3,3,3
58512000,3,3,3,3,1,4,4,3,3,3,3,3,4
58514000,1,1,1,3,3,4,2,4,1,1,2,2,1
58518000,3,3,3,3,3,4,4,3,4,4,3,3,4
58523000,3,2,3,3,3,3,4,2,4,4,4,3,3
58529000,1,1,3,3,3,4,4,3,3,3,2,2,2
58540000,3,3,3,3,3,4,3,3,1,4,3,3,3
58543000,3,3,3,3,3,4,3,3,3,3,3,3,3
58547000,3,3,3,3,3,4,3,3,1,1,3,2,1
58553000,1,3,2,3,3,4,3,3,4,4,3,3,3
58556000,1,3,3,3,3,4,4,3,4,3,3,3,3
58701000,0,0,0,0,1,1,1,1,2,1,2,2,1
58710000,0,0,0,1,1,1,1,3,2,2,2,2,1
61508000,3,3,3,3,2,4,2,3,2,2,4,3,4
61512000,3,3,3,3,3,4,3,3,4,2,3,2,4
61523000,3,3,2,3,3,2,2,3,4,2,3,3,4
61526000,3,3,3,3,3,3,4,4,3,4,3,3,3
61530000,2,3,3,3,2,4,2,3,3,2,2,2,1
61658000,3,3,3,3,3,3,3,3,1,1,1,1,4
61701000,0,0,0,0,1,2,1,1,1,1,2,2,1
63602000,3,3,3,3,3,3,4,3,3,2,3,3,4
63603000,3,3,3,3,3,3,2,3,3,2,4,4,4
63604000,3,3,3,3,3,3,4,4,3,3,4,4,3
63606000,2,2,3,3,3,3,2,4,3,3,3,3,4
63607000,0,0,0,0,2,2,1,1,1,1,2,2,1
63608000,0,0,0,0,2,2,2,3,2,2,2,2,1
63609000,3,3,2,3,3,3,2,4,4,4,4,4,4
63611000,0,0,0,1,2,2,2,3,3,2,2,2,2
63613000,3,3,3,3,3,3,3,2,3,4,4,4,3
63614000,2,2,1,2,3,3,3,3,3,4,3,4,4
63616000,2,3,2,1,2,2,2,3,3,2,3,4,4
63617000,3,3,3,3,2,3,2,1,3,4,1,4,3
63619000,3,3,3,3,3,3,3,4,3,3,3,4,4
63623000,3,3,3,3,2,3,4,4,3,4,3,3,4
63624000,0,1,0,2,2,2,2,3,4,2,4,4,4
63625000,2,2,2,1,2,2,2,4,4,4,3,3,4
63626000,0,1,0,1,2,2,2,2,2,2,4,4,1
63629000,2,2,3,3,2,2,2,4,4,3,4,4,3
63630000,2,3,3,2,2,2,2,3,4,4,4,4,4
63632000,1,2,2,2,2,3,4,3,3,4,1,3,4
63634000,2,2,2,2,3,3,2,4,3,4,3,3,4
63636000,2,2,1,1,2,2,2,3,2,2,3,2,4
63637000,0,0,0,2,2,2,2,3,3,2,4,4,4
63639000,2,2,2,3,2,4,2,3,3,1,3,4,3
63641000,2,1,1,1,2,2,2,2,3,2,4,2,1
63642000,3,3,2,3,2,3,2,4,3,4,3,4,4
63646000,2,2,2,2,2,3,2,3,4,3,4,4,4
63647000,2,2,2,1,2,1,4,3,3,2,3,4,4
63649000,3,3,3,3,2,4,4,4,3,2,3,3,4
63650000,0,0,0,0,1,2,1,1,2,1,2,2,1
63701000,0,0,0,0,1,2,1,1,1,1,2,2,1
63746000,0,0,0,1,2,2,2,3,2,2,2,4,2
64504000,1,3,3,3,3,3,3,4,4,4,3,4,3
64508000,1,1,2,2,2,3,2,1,4,4,4,3,2
64512000,3,3,3,3,3,3,3,3,4,4,4,3,4
64520000,0,0,0,0,2,3,3,3,4,3,3,4,2
64524000,3,3,3,3,3,3,3,3,4,4,4,3,4
64532000,0,0,3,3,3,3,3,4,2,4,2,4,2
64536000,0,1,3,3,3,3,3,2,2,3,4,4,2
64540000,3,3,3,3,3,3,3,3,4,4,4,4,4
64546000,2,2,2,2,3,3,3,4,4,4,3,4,4
64548000,3,3,3,3,3,3,3,3,4,3,3,3,3
64550000,3,3,3,3,3,3,3,4,4,4,4,3,3
64552000,3,3,3,3,3,4,3,4,4,3,2,4,2
64556000,0,1,3,3,3,4,3,3,3,3,3,4,3
65503000,3,3,3,3,3,3,4,4,4,4,4,4,3
65504000,0,0,0,1,1,2,4,2,3,4,2,4,1
65505000,3,3,3,3,3,3,3,4,4,4,4,4,3
65508000,2,2,2,1,1,3,2,4,4,3,4,4,3
65509000,0,1,3,3,3,4,2,2,1,1,1,1,3
65510000,3,3,3,3,3,3,3,3,4,3,3,2,3
65511000,2,2,2,3,3,3,3,4,4,4,4,4,4
65513000,0,0,0,1,1,2,1,2,2,1,2,2,1
65514000,0,0,0,1,1,2,4,2,2,4,4,4,1
65515000,3,3,3,3,3,4,2,4,4,1,2,2,3
65516000,3,3,3,3,3,3,3,4,4,4,4,3,4
65517000,3,3,3,3,3,4,3,3,1,1,1,4,3
65519000,3,3,3,3,3,4,3,4,1,1,2,2,2
65520000,0,0,0,1,1,1,1,2,1,1,2,2,2
65521000,3,3,3,3,3,4,3,3,3,2,3,3,3
65522000,3,3,3,3,3,4,4,4,1,4,3,1,4
65523000,3,3,3,3,3,4,3,4,3,3,3,2,3
65524000,0,0,0,1,1,2,1,1,1,1,2,1,1
65525000,0,0,0,1,1,1,1,1,2,1,1,1,1
65526000,2,2,2,0,2,2,2,1,2,2,1,1,1
65528000,0,0,0,1,1,2,4,2,4,4,4,4,3
65529000,2,2,2,2,3,3,3,4,4,4,4,4,4
65532000,3,3,3,3,3,4,4,4,1,1,2,2,2
65533000,3,3,3,3,3,3,4,2,2,1,2,4,3
65534000,3,3,3,3,3,4,4,4,4,4,4,3,3
65535000,3,3,3,3,3,4,3,3,3,4,3,3,3
65537000,3,3,3,3,3,3,3,4,4,3,3,3,1
65538000,0,0,0,1,1,2,4,4,4,3,4,4,1
65539000,0,0,0,1,1,2,1,2,3,2,4,3,4
65541000,2,2,2,0,2,2,2,2,2,2,4,2,1
65543000,3,3,3,3,3,4,3,2,1,1,2,2,2
65544000,2,3,3,3,3,3,3,2,4,2,4,4,1
65545000,0,0,0,1,1,2,1,2,2,1,2,2,1
65546000,3,2,3,3,3,3,4,4,4,4,4,4,4
65547000,0,0,0,1,2,2,2,2,2,2,4,2,1
65548000,3,3,3,3,3,4,3,2,1,1,2,2,2
65549000,0,0,0,1,1,2,4,2,1,1,2,2,2
65551000,2,2,2,2,3,3,3,4,4,4,4,4,4
65552000,0,0,0,1,1,2,2,2,2,2,2,2,1
65553000,3,3,3,3,3,3,2,2,1,4,1,3,3
65554000,3,3,3,3,3,3,4,4,3,4,4,4,3
65555000,3,3,2,3,3,3,3,4,4,3,3,3,4
65556000,3,3,3,3,3,3,4,4,4,4,4,3,4
65608000,3,3,3,3,3,3,4,4,4,4,4,4,4
65628000,3,3,3,3,3,3,4,2,4,4,4,4,3
65639000,3,3,2,3,3,3,4,4,4,4,4,4,3
65645000,2,2,2,1,3,3,3,4,4,4,3,3,4
65701000,0,0,0,0,0,1,1,1,1,1,1,1,1
65729000,0,0,0,1,1,2,1,1,2,1,1,1,1
65732000,0,0,0,0,1,1,1,1,2,1,1,1,1
65734000,3,3,3,3,3,4,3,2,2,2,3,4,4
65739000,0,0,0,1,1,2,4,2,4,4,4,4,1
65740000,0,0,0,1,1,2,1,2,2,1,2,2,1
65747000,0,0,0,1,1,2,4,4,4,4,4,4,3
65763000,3,3,3,3,3,4,3,2,3,3,2,3,3
66503000,3,3,3,3,3,3,3,3,3,3,4,3,4
66509000,2,1,2,3,1,4,3,3,1,1,1,3,3
66511000,2,2,2,2,3,4,4,4,4,4,2,4,1
66514000,3,3,3,3,1,4,4,3,2,2,3,2,1
66516000,3,3,3,3,3,3,4,3,4,2,3,3,4
66519000,2,2,2,3,3,3,3,4,3,3,3,3,4
66521000,2,2,2,2,3,3,3,4,4,4,3,4,4
66523000,3,3,3,3,1,4,4,1,2,2,4,4,4
66527000,3,3,2,3,3,4,3,3,4,1,3,2,1
66530000,2,1,2,2,2,2,4,3,2,4,3,3,4
66536000,1,3,3,3,3,3,3,3,1,1,2,2,1
66541000,1,1,3,3,1,2,4,3,1,1,1,3,3
66546000,2,3,1,1,2,2,4,3,3,2,3,2,4
66548000,1,3,3,2,3,3,2,3,3,2,3,2,4
66550000,2,2,2,2,2,2,4,4,3,2,3,4,4
66552000,3,3,3,3,3,3,3,3,3,2,4,4,4
66554000,1,1,1,1,2,2,4,4,3,3,3,3,3
66556000,2,2,1,3,3,3,2,2,1,2,2,1,1
66558000,0,0,3,3,1,1,4,3,3,3,2,2,1
66701000,0,0,0,0,1,1,1,1,1,1,2,2,1
66710000,1,1,3,3,3,4,4,4,3,3,2,2,2
68502000,2,2,2,3,3,3,3,4,4,4,3,3,4
68503000,1,1,1,3,3,4,2,3,3,2,3,3,4
68504000,3,3,3,3,3,4,4,3,3,2,3,2,4
68508000,2,3,2,2,2,2,4,3,3,2,3,3,4
68514000,2,1,3,0,2,2,2,3,3,4,1,3,3
68518000,3,3,1,1,3,2,2,3,3,2,3,4,4
68520000,2,2,3,3,1,4,2,3,3,3,1,3,4
68526000,3,3,2,3,3,4,4,4,3,3,3,4,4
68530000,0,1,0,1,2,4,3,3,3,4,3,3,4
68532000,2,2,2,2,3,3,2,4,4,4,4,4,4
68536000,2,1,2,1,2,4,2,2,2,2,4,3,1
68542000,3,3,3,3,2,4,4,4,3,3,4,3,4
68546000,1,1,1,1,2,4,4,3,4,1,3,2,3
68701000,0,0,0,0,1,2,1,1,2,1,2,2,1
68705000,2,1,1,1,2,4,2,3,3,2,3,3,4
68710000,3,3,3,3,3,4,2,3,3,2,3,2,4
68715000,0,0,0,0,1,2,1,3,3,2,2,2,1
68720000,0,1,1,1,2,4,4,3,3,2,3,3,3
68725000,2,1,0,1,2,2,4,3,3,2,3,2,4
68730000,1,1,1,3,2,4,2,3,3,2,3,2,3
69608000,3,3,2,3,3,3,3,4,4,4,4,3,4
69612000,2,2,2,2,3,3,3,4,4,4,3,3,4
69616000,2,2,2,2,3,3,3,4,4,4,4,4,2
69620000,2,2,2,2,3,3,3,4,4,4,3,3,3
69624000,0,0,3,1,3,3,4,4,4,4,4,4,3
69628000,2,2,2,2,3,3,4,4,4,4,4,3,4
69632000,3,2,2,1,3,3,4,4,4,4,4,4,4
69636000,3,3,3,3,3,3,3,4,4,4,4,4,3
69640000,2,2,2,2,3,3,3,4,4,4,4,4,3
69644000,3,3,3,3,3,3,3,4,4,3,2,4,2
69652000,2,2,2,1,3,3,3,4,4,4,3,3,2
69654000,0,0,0,1,1,1,1,1,2,1,2,1,1
69656000,2,2,2,3,3,3,4,4,4,4,3,4,4
69658000,2,2,2,3,3,3,3,4,4,4,4,4,3
69701000,0,0,0,0,1,1,1,2,1,1,2,2,1
69710000,3,3,3,3,3,4,3,2,1,1,1,4,3
70606000,1,1,3,3,3,4,3,3,3,2,3,2,3
70608000,0,1,0,1,2,2,2,3,2,2,2,2,1
70622000,0,0,0,1,1,2,1,3,2,2,2,2,1
70626000,2,3,2,3,1,2,4,3,3,2,3,2,1
70628000,3,3,3,3,1,4,4,3,1,2,3,2,4
70636000,3,3,3,3,3,3,4,3,4,2,2,4,4
70640000,3,3,3,3,1,4,1,3,3,3,2,2,2
70642000,3,3,2,3,3,3,3,4,4,4,3,4,4
70644000,0,0,0,1,1,2,1,3,2,2,2,2,1
70646000,0,1,3,2,2,4,2,3,4,2,4,3,4
70648000,0,0,0,1,1,2,1,3,2,2,2,2,1
70650000,3,3,3,0,1,1,1,1,2,2,2,2,1
70701000,0,0,0,0,1,1,1,1,1,1,2,2,1
70706000,0,0,0,0,1,1,1,3,1,2,2,2,1
70724000,0,0,0,0,1,2,1,1,1,1,2,2,1
71518000,2,2,2,1,3,3,2,4,4,3,4,4,3
71522000,0,0,0,2,2,2,2,2,3,2,4,4,1
71701000,0,0,0,0,1,1,1,1,1,1,1,1,1
71705000,0,0,0,1,2,2,2,2,2,2,2,2,1
71710000,0,0,0,1,1,2,1,2,2,1,4,4,1
71715000,0,0,0,1,2,2,2,2,2,2,4,4,1
71816000,2,2,2,1,2,3,2,2,2,4,4,4,2
71818000,1,1,3,3,3,3,3,4,3,3,2,2,2
71819000,1,3,3,3,3,4,3,4,3,3,3,3,3
71826000,0,0,0,1,1,2,1,2,1,1,1,4,3
71829000,2,2,1,1,1,1,4,2,4,4,4,3,3
71871000,0,0,0,0,1,1,1,2,2,1,2,1,2
71872000,1,1,3,3,3,4,3,3,1,1,1,2,3
71873000,0,0,0,0,1,4,1,2,1,1,2,1,2
71874000,0,0,0,0,1,1,1,2,2,1,2,1,2
71875000,0,0,0,0,1,1,1,2,2,1,2,1,2
71876000,0,0,0,0,1,1,1,2,2,1,1,1,1
71878000,0,0,0,0,2,4,2,2,2,1,2,4,2
71879000,0,0,0,0,1,1,1,2,2,2,2,2,2
71883000,0,0,0,0,0,1,1,2,2,1,2,1,2
71884000,0,1,3,3,3,4,3,4,3,3,3,4,3
71885000,0,0,0,3,3,3,3,4,3,3,2,2,2
71887000,0,0,0,3,3,4,2,2,2,2,2,4,2
71933000,0,1,0,2,2,3,3,3,2,3,4,4,3
71936000,1,3,3,3,3,4,3,4,3,3,2,4,2
71940000,1,3,3,3,3,4,3,4,3,3,3,3,3
71943000,0,1,3,3,3,3,3,3,3,3,3,3,4
71946000,2,2,3,3,3,3,3,4,3,3,3,4,4
71948000,1,1,3,3,3,3,3,3,3,3,3,4,2
71951000,3,3,3,3,3,3,3,4,3,3,3,4,2
71955000,1,3,3,3,3,4,3,4,3,3,1,1,2
71956000,1,0,3,3,3,4,3,4,2,3,2,1,2
71958000,1,3,3,3,3,4,3,4,3,3,2,2,2
73604000,3,3,3,3,3,4,4,4,3,3,3,4,3
73607000,3,3,3,3,3,4,4,3,3,4,3,3,3
73610000,1,1,1,2,2,4,4,4,3,4,3,3,3
73614000,3,2,2,3,3,4,4,4,3,3,3,3,4
73616000,3,3,2,2,3,4,3,3,3,2,3,3,4
73620000,3,3,3,3,3,4,3,4,4,3,3,3,3
73629000,2,2,2,2,3,3,4,4,3,3,4,3,4
73634000,2,2,1,2,3,3,2,3,3,4,4,4,4
73636000,3,3,3,3,3,4,3,3,3,3,3,3,4
73639000,2,1,1,2,2,2,2,3,4,2,3,3,4
73644000,3,3,3,3,2,2,4,4,4,4,1,3,3
73648000,2,2,2,3,3,3,3,4,4,3,3,4,3
73656000,2,2,2,2,2,2,1,1,4,1,4,3,1
73701000,0,0,0,0,1,1,1,1,1,1,2,2,1
73705000,0,0,0,1,1,2,1,2,2,1,2,2,1
73715000,3,3,3,3,1,2,4,3,4,2,3,3,3
75533000,0,0,0,1,1,2,1,2,2,2,4,2,1
75544000,2,2,2,2,3,3,3,4,4,4,4,3,1
75548000,2,2,2,3,2,3,2,2,4,2,4,4,3
75549000,0,0,0,1,2,2,2,2,2,3,4,2,2
75701000,0,0,0,1,1,1,1,1,1,1,2,1,1
75706000,3,3,3,1,3,3,4,4,4,3,4,3,4
75712000,0,0,0,1,1,2,4,4,3,3,2,2,2
75715000,3,3,3,3,3,4,4,4,3,2,4,4,4
75728000,0,0,0,1,1,2,1,2,1,1,2,2,1
75734000,0,0,0,1,2,2,4,2,2,2,2,2,1
75738000,0,0,0,1,1,2,1,2,1,1,2,2,1
75742000,0,0,0,1,1,2,1,2,2,2,2,2,1
75755000,0,0,0,1,2,2,4,4,3,2,4,4,3
75764000,0,0,0,1,1,2,1,2,2,3,2,2,1
76506000,2,2,3,3,3,3,4,4,3,4,2,1,1
76510000,3,3,3,3,3,3,3,4,3,4,1,3,1
76512000,3,2,3,3,3,3,3,4,3,4,2,4,4
76515000,0,0,0,1,2,2,2,2,2,4,4,4,4
76518000,2,2,1,1,3,2,4,4,4,4,4,3,4
76526000,2,2,0,1,2,3,4,4,4,4,4,4,3
76534000,3,3,3,3,3,3,3,4,3,3,3,3,4
76538000,0,0,1,1,3,3,4,4,4,4,4,4,1
76546000,2,2,2,1,3,3,4,4,4,4,4,4,4
76552000,2,2,2,2,3,3,3,4,4,4,4,4,4
76640000,2,2,2,2,3,3,3,4,4,4,3,4,4
76654000,3,3,3,3,3,3,4,4,4,4,3,3,4
76702000,3,2,3,3,3,3,2,4,4,4,4,4,3
77515000,0,1,3,3,3,3,3,3,3,3,3,4,2
77609000,0,0,0,3,3,3,3,3,3,3,4,4,4
77701000,0,1,3,3,3,3,3,4,3,3,3,4,4
78532000,0,0,0,0,1,2,1,1,2,2,2,2,1
78701000,0,0,0,0,1,1,1,1,1,1,2,2,2
78715000,0,0,0,0,1,1,1,1,1,1,2,2,1
79605000,0,3,3,3,2,2,2,3,3,2,3,3,4
79615000,0,0,0,1,2,2,2,3,4,4,4,4,4
79622000,0,0,0,1,2,2,1,3,3,2,1,1,1
79630000,0,0,0,0,1,2,1,1,1,1,1,1,1
79633000,0,0,0,0,1,2,1,1,2,2,4,2,1
79640000,0,1,1,2,3,3,3,4,4,4,4,4,3
79701000,0,0,0,0,2,2,1,1,1,1,1,1,1
79703000,3,3,3,3,3,3,2,4,4,2,4,3,4
80601000,2,2,2,2,3,3,4,2,4,4,4,3,3
80602000,2,2,2,2,3,3,2,2,4,4,4,4,3
80603000,3,2,2,1,3,3,4,4,4,4,4,3,3
80604000,2,2,3,3,3,3,3,4,4,4,4,3,3
80605000,3,3,3,3,3,3,2,4,4,4,4,4,3
80606000,2,2,1,2,3,3,3,4,4,3,4,4,2
80607000,2,2,2,2,3,3,4,4,4,4,4,3,4
80608000,2,2,2,2,3,3,3,4,4,4,3,3,4
80609000,0,0,0,1,2,2,4,2,2,1,2,2,1
80610000,2,2,2,1,3,3,3,4,4,4,4,4,3
80611000,0,0,0,1,3,2,4,2,4,3,4,4,1
80612000,3,2,3,3,3,4,3,4,4,4,3,3,3
80613000,0,0,0,1,2,2,2,2,4,1,2,2,1
80614000,2,2,2,1,2,3,4,4,4,4,4,3,4
80617000,3,3,3,3,3,3,4,4,4,4,4,3,3
80618000,2,2,2,1,3,3,3,2,4,4,4,3,4
80619000,2,2,1,2,3,3,3,4,4,4,4,3,4
80621000,2,2,3,3,3,3,2,2,4,4,4,4,3
80622000,2,2,1,1,3,2,4,2,4,4,4,3,3
80623000,2,2,2,1,3,3,2,4,4,4,4,4,1
80624000,0,0,0,1,2,2,2,2,4,4,4,4,3
80625000,3,3,3,2,3,3,4,4,4,4,4,3,3
80626000,2,3,3,3,3,3,3,4,4,3,2,4,3
80627000,0,0,1,1,2,2,4,4,4,3,4,4,1
80628000,0,0,0,1,2,2,2,2,2,2,4,4,1
80630000,2,0,1,1,3,3,4,4,4,4,4,3,4
80631000,0,0,0,1,2,2,2,2,2,1,2,4,3
80633000,2,2,3,3,3,3,3,4,4,4,3,3,3
80634000,3,3,3,3,3,3,4,4,4,4,4,3,3
80635000,2,2,2,1,2,2,2,2,4,4,4,3,4
80636000,2,2,1,1,3,3,4,4,4,4,4,3,3
80638000,3,3,3,3,3,3,3,4,4,4,3,3,3
80640000,2,2,3,3,3,3,4,4,4,4,4,4,3
80641000,0,0,0,1,2,2,2,2,2,1,2,2,1
80642000,1,2,1,2,3,3,3,4,4,3,4,3,4
80644000,3,3,3,3,3,3,4,4,4,4,4,3,4
80645000,2,2,2,1,2,3,4,4,4,4,4,4,3
80647000,2,2,3,3,3,3,3,4,4,4,4,3,3
80648000,2,2,2,2,3,3,2,4,4,4,4,3,3
80649000,0,0,0,1,1,1,4,2,1,1,2,2,1
80650000,2,0,1,1,2,2,4,4,4,4,3,3,4
80651000,0,0,0,1,2,2,2,2,2,3,2,2,1
80652000,0,0,0,1,1,2,1,2,2,1,2,2,1
80653000,0,0,0,1,1,2,2,2,2,2,4,4,1
80655000,0,0,1,1,2,3,3,4,3,4,4,3,4
80656000,2,3,2,1,3,3,3,4,4,4,4,4,3
80657000,0,0,0,1,1,2,1,2,2,2,4,4,1
80658000,2,2,2,3,3,3,3,3,4,2,4,3,3
80659000,0,0,1,1,2,2,2,2,1,1,2,2,3
80701000,0,0,0,1,1,1,1,2,1,1,1,1,1
80703000,3,3,3,3,3,4,3,4,1,4,2,3,3
80723000,0,0,0,1,2,2,4,2,1,1,2,4,1
80727000,0,0,0,1,1,2,4,2,1,1,2,2,1
80739000,0,0,0,1,1,2,1,2,1,1,2,2,1
80743000,0,0,0,1,2,2,2,2,4,3,4,4,3
80745000,0,0,0,1,1,2,4,2,2,3,2,2,1
83620000,3,3,0,3,1,2,2,3,3,2,3,3,4
83701000,0,0,0,0,2,2,1,3,3,1,1,1,3
83703000,0,0,0,1,2,2,1,3,3,2,3,3,3
83710000,0,0,0,3,2,2,2,3,3,2,3,3,4
84610000,0,0,0,2,2,3,4,4,4,3,3,3,4
84615000,0,0,0,2,2,2,4,4,4,3,2,4,2
84620000,0,0,0,2,2,3,4,4,3,3,4,3,4
84630000,1,3,1,2,3,4,4,3,3,3,3,3,4
84635000,0,0,0,2,3,3,4,4,4,4,4,3,4
84640000,0,0,1,2,2,3,4,4,3,3,3,3,4
84643000,2,2,2,2,3,3,3,3,4,3,4,4,4
84650000,2,2,2,2,2,3,2,3,4,4,4,3,3
84701000,0,0,0,2,2,3,2,4,2,3,4,4,2
85605000,3,1,1,2,3,3,3,3,4,4,4,3,3
85615000,1,1,3,3,3,3,3,3,3,3,3,3,4
85620000,2,2,2,0,2,3,2,3,3,2,3,3,3
85632000,2,1,2,1,2,2,2,3,3,2,2,1,4
85646000,0,0,0,1,2,2,2,3,3,1,1,3,3
86504000,3,3,3,3,3,4,3,3,3,3,2,3,3
86510000,0,0,0,3,2,4,2,3,2,2,4,2,2
86533000,1,3,3,3,3,4,3,3,3,3,3,3,3
86545000,1,1,3,3,3,4,3,4,4,1,2,2,3
86550000,3,3,3,3,3,4,3,4,3,3,3,3,3
86609000,1,1,1,2,2,3,3,4,2,3,3,4,2
86615000,3,3,3,3,3,4,3,3,1,1,2,2,2
86621000,1,1,3,3,3,4,3,3,3,3,3,3,3
86630000,3,3,3,3,3,4,3,3,4,4,3,3,3
86636000,0,0,3,3,3,4,4,4,4,4,1,3,3
86639000,3,3,3,3,3,4,3,3,4,4,3,3,3
86642000,3,3,3,3,3,3,3,4,4,4,3,3,3
86701000,0,0,0,0,1,1,1,1,1,1,2,2,2
87508000,3,3,3,3,3,4,3,2,1,1,2,3,2
87510000,0,1,3,3,3,4,3,4,3,3,3,4,3
87512000,3,3,3,3,3,4,3,4,2,3,4,4,3
87515000,3,3,3,3,3,3,3,4,3,3,3,4,4
87523000,3,3,3,3,3,3,3,4,3,3,3,4,3
87525000,0,0,3,3,3,4,3,4,1,3,2,2,2
87604000,3,3,3,3,3,3,3,4,4,4,4,3,3
87612000,3,3,3,3,3,3,3,3,4,3,3,3,3
87616000,2,2,2,3,3,3,3,3,4,4,3,3,3
87620000,1,3,3,3,3,4,3,4,2,4,2,4,2
87624000,3,3,3,3,3,3,3,4,4,3,3,3,4
87626000,3,3,3,3,3,4,3,4,1,3,2,4,2
87628000,0,0,0,2,1,1,2,2,2,1,4,4,2
87632000,3,3,3,3,3,3,3,4,4,4,3,3,4
87636000,3,3,3,3,3,3,3,4,4,3,3,3,4
87640000,3,3,3,3,3,3,3,4,3,3,3,4,4
87644000,3,3,3,3,3,3,3,4,4,3,3,3,3
87648000,2,2,2,3,3,3,3,4,4,4,4,4,3
87652000,2,2,2,1,2,3,4,4,3,3,3,4,4
87701000,0,0,0,3,1,4,3,2,1,1,2,2,2
88516000,1,1,1,2,2,3,3,3,4,4,4,3,3
88608000,2,2,1,1,2,4,4,4,4,4,3,4,3
88612000,2,2,2,1,2,3,3,4,4,3,3,3,3
88620000,2,2,2,2,3,3,4,4,4,4,3,3,3
88624000,2,2,2,2,2,3,2,4,4,4,4,4,3
88628000,0,0,0,1,1,1,1,2,2,1,2,2,1
88632000,2,2,2,3,3,3,3,4,4,4,3,3,3
88640000,2,2,2,1,1,2,4,4,4,4,3,3,3
88644000,2,2,2,2,3,3,3,4,4,4,4,3,4
88656000,2,2,3,3,3,3,3,3,4,3,3,3,3
88701000,0,0,0,1,1,1,1,2,1,1,2,2,1
88705000,3,3,3,3,1,4,4,4,4,1,2,2,1
88715000,3,3,3,3,3,4,4,3,1,1,3,3,4
89605000,2,1,1,1,3,2,4,3,3,4,3,4,4
89607000,3,3,2,2,2,2,2,3,2,2,3,2,1
89610000,3,3,2,3,2,3,4,4,4,3,3,4,3
89618000,2,1,1,1,2,2,3,3,3,2,3,3,4
89621000,3,3,3,3,3,4,4,3,3,2,3,3,4
89624000,3,3,1,1,3,4,4,4,3,3,2,3,3
89626000,3,3,3,3,3,4,4,4,3,3,3,3,3
89628000,0,1,1,1,2,2,2,3,4,2,4,2,4
89629000,3,3,3,3,3,4,2,3,3,2,3,3,4
89634000,2,2,2,2,2,4,4,3,3,3,3,3,4
89637000,0,0,0,1,1,2,4,4,3,3,3,2,1
89640000,3,2,2,2,3,3,4,3,3,2,3,3,4
89643000,0,0,0,0,2,2,2,4,2,4,3,3,1
89646000,2,2,2,2,2,2,4,4,4,4,4,3,4
89649000,3,3,3,3,3,4,4,2,4,2,3,3,3
89651000,3,3,3,3,3,3,2,2,4,4,4,4,3
89654000,3,1,3,3,2,4,2,3,3,2,3,3,4
89657000,3,3,3,3,3,4,3,3,4,1,3,2,3
90605000,0,0,0,1,2,2,2,2,2,1,1,4,1
90610000,0,0,0,2,2,2,2,3,3,2,3,4,3
90615000,0,0,0,1,2,2,3,3,3,2,4,4,4
90620000,0,0,0,1,2,2,2,3,3,4,3,3,4
90630000,0,0,0,1,2,2,2,3,2,2,3,2,1
90701000,0,0,0,0,1,2,1,1,1,1,1,1,1
91601000,0,0,0,1,2,2,2,4,3,2,3,4,3
91610000,2,2,1,1,2,2,2,3,3,2,3,3,4
91630000,3,3,3,3,3,3,3,3,3,3,2,4,3
91635000,0,0,0,1,2,2,2,3,3,2,3,3,4
91640000,0,0,0,2,2,2,2,2,4,2,4,4,4
91701000,0,0,0,0,2,2,2,3,3,2,4,1,2
92601000,2,2,2,2,3,4,3,2,1,2,4,2,1
92602000,2,2,2,1,3,2,2,2,4,4,4,3,3
92604000,2,2,1,1,3,3,4,4,4,4,3,3,3
92605000,2,2,1,2,2,4,2,4,4,4,3,4,3
92607000,3,3,3,3,3,3,2,2,4,4,4,3,3
92608000,0,0,0,1,2,2,1,2,2,1,2,2,1
92610000,2,2,1,1,3,3,2,2,4,4,4,4,3
92612000,2,2,2,1,2,3,4,4,4,4,3,3,3
92613000,2,2,2,1,3,2,4,4,4,4,4,3,3
92614000,3,3,3,3,3,3,3,2,4,4,3,3,3
92615000,2,2,2,1,2,3,4,2,4,4,4,3,4
92617000,0,0,0,1,2,2,1,2,2,1,2,2,1
92618000,2,2,1,1,2,2,4,4,3,3,4,3,4
92620000,2,2,2,3,0,1,1,2,1,1,1,1,3
92622000,0,0,0,1,1,2,1,1,2,1,2,2,1
92624000,2,2,2,2,3,3,2,3,4,4,4,3,3
92626000,0,0,0,1,1,2,1,2,2,1,2,2,1
92627000,0,0,0,1,3,4,3,3,3,3,3,2,4
92628000,0,0,0,1,1,2,1,1,2,1,2,2,1
92629000,2,2,1,1,2,3,3,2,4,4,4,4,3
92630000,2,3,2,3,3,3,4,3,4,4,4,3,3
92633000,2,2,2,3,3,3,3,4,4,4,4,3,3
92634000,0,0,0,1,1,2,1,1,2,1,1,2,1
92636000,0,0,0,1,2,1,1,2,1,1,2,2,1
92638000,2,2,2,3,3,3,3,2,4,1,4,4,2
92639000,3,3,3,3,3,3,3,2,1,1,3,3,3
92640000,2,2,2,0,1,2,1,2,4,2,1,4,3
92642000,2,2,3,3,2,3,2,2,4,4,3,3,4
92644000,0,0,0,1,1,2,1,2,1,1,2,2,1
92645000,3,3,3,3,3,3,3,4,4,4,3,3,4
92646000,1,1,1,1,3,4,3,2,2,3,2,2,1
92648000,0,0,0,1,1,2,1,2,1,1,1,1,3
92652000,2,2,2,1,2,2,2,2,4,4,4,3,3
92653000,2,3,3,3,3,4,3,2,3,4,3,3,3
92654000,3,3,3,3,3,3,3,3,4,4,3,3,4
92655000,2,2,2,3,3,3,2,2,4,2,4,4,4
92656000,3,3,3,3,3,3,4,4,3,4,3,3,3
92658000,3,3,2,3,3,4,3,4,4,4,4,4,3
92659000,0,0,0,1,1,2,1,2,2,2,4,2,1
92701000,0,0,0,0,1,1,1,1,1,1,1,1,1
92730000,0,0,0,1,1,2,1,2,1,1,2,2,1
93605000,0,0,2,2,3,3,2,4,3,2,4,4,4
93610000,2,2,2,2,2,3,4,4,4,4,4,4,4
93615000,2,2,2,2,2,3,4,4,4,4,4,3,4
93620000,2,2,1,1,2,3,4,4,3,3,4,2,1
93622000,0,0,0,1,2,2,4,4,3,4,4,4,4
93635000,3,2,2,2,2,3,2,4,3,3,4,3,4
93640000,0,0,0,1,2,3,4,4,2,3,4,4,4
93650000,0,0,0,2,2,2,4,4,3,2,4,4,4
93654000,0,0,0,2,2,2,4,4,3,3,2,4,4
93657000,0,0,0,1,1,2,4,4,4,3,3,3,4
94502000,2,2,2,2,2,3,4,4,4,3,3,3,3
94504000,3,3,3,3,3,4,4,4,4,4,3,3,3
94506000,2,2,2,3,3,3,3,4,4,4,3,3,3
94512000,2,2,2,1,2,2,4,4,4,3,3,4,4
94514000,2,2,2,2,2,4,4,4,4,4,4,4,1
94518000,2,2,2,1,3,4,4,4,4,4,3,2,1
94520000,2,3,3,3,3,3,4,4,4,4,3,3,4
94522000,3,3,3,3,3,3,3,3,4,3,3,3,3
94524000,3,3,3,3,3,4,4,4,4,3,2,2,3
94526000,3,3,3,3,3,3,4,4,3,3,3,3,3
94528000,2,2,2,2,3,3,3,4,4,3,3,3,3
94533000,2,2,2,1,3,3,4,4,4,3,3,2,1
94537000,0,0,0,1,1,1,4,4,4,3,2,2,3
94539000,3,3,3,3,3,3,3,4,4,3,3,3,3
94541000,3,3,3,3,3,3,3,4,4,3,3,3,4
94544000,2,2,2,2,3,4,4,4,3,3,3,2,1
94546000,2,2,2,2,2,2,4,4,4,4,3,3,4
94548000,3,3,3,3,3,4,4,4,4,3,3,3,4
94550000,2,2,2,3,3,3,4,4,4,3,3,3,1
94552000,3,3,3,3,3,4,3,4,3,4,3,3,4
94701000,0,0,0,1,1,1,1,2,1,1,2,2,1
94710000,0,0,0,1,1,2,1,2,1,1,2,2,1
94720000,0,0,0,1,1,2,4,2,4,3,2,2,1
94730000,0,0,0,1,1,2,4,4,4,3,4,2,1
94740000,0,0,0,1,1,2,4,2,1,1,2,2,1
95612000,2,1,1,1,3,2,4,4,4,3,4,4,2
95615000,2,2,2,3,3,3,3,4,4,4,3,3,4
95620000,2,2,2,3,3,3,3,4,4,3,3,4,4
95625000,2,2,2,3,2,3,4,4,3,3,4,4,4
95630000,0,0,0,1,2,2,2,2,4,4,4,4,4
95635000,2,2,2,1,2,3,2,4,4,3,4,4,3
95701000,0,0,0,0,2,2,2,2,3,4,2,4,2
95702000,3,3,3,3,3,4,4,4,3,3,2,4,2
95708000,0,0,3,3,3,4,2,2,1,1,2,4,3
95709000,3,3,1,1,3,4,3,2,1,4,2,2,1
95715000,0,0,0,0,2,2,2,2,2,4,2,4,2
97505000,2,2,2,3,3,3,3,3,4,4,3,3,4
97507000,2,3,3,3,3,3,4,4,4,3,3,3,4
97510000,3,3,3,3,3,4,2,3,4,4,4,3,3
97513000,3,3,3,3,3,3,2,2,4,2,4,4,3
97519000,2,2,2,3,2,4,2,3,4,2,3,3,3
97526000,3,3,3,3,3,3,2,4,4,4,3,4,3
97529000,3,3,3,3,3,3,3,2,1,3,3,2,1
97532000,2,2,2,2,3,3,4,4,4,4,4,4,3
97535000,3,1,3,3,3,4,4,3,4,4,3,4,3
97538000,3,2,2,3,3,3,3,2,4,4,4,3,3
97541000,2,2,2,3,3,4,3,4,4,3,3,2,1
97544000,0,0,0,1,2,2,1,2,2,2,2,2,1
97547000,3,2,1,3,3,3,2,2,4,4,4,4,3
97553000,3,3,2,3,2,4,3,2,4,4,4,3,3
97555000,2,3,3,3,2,4,3,3,4,4,3,4,4
97558000,3,3,3,3,3,4,3,3,4,3,3,3,3
97701000,0,0,0,0,1,2,1,1,1,1,2,2,1
97710000,0,0,0,1,1,2,1,2,1,1,2,2,1
98603000,0,0,0,2,3,3,3,4,3,3,3,4,4
98604000,2,2,3,3,3,3,3,4,4,4,4,4,4
98608000,2,2,2,2,3,3,3,4,4,3,4,4,4
98612000,0,0,0,2,3,3,3,3,3,3,3,4,3
98614000,0,2,2,2,3,3,3,4,4,3,4,4,4
98615000,1,0,2,2,3,3,3,3,3,3,3,4,4
98616000,0,0,2,2,2,3,2,4,3,3,3,4,4
98618000,2,2,2,2,3,3,3,4,4,3,4,4,4
98624000,2,2,2,3,3,3,3,4,4,3,4,4,4
98626000,0,2,2,2,3,3,4,4,4,3,4,4,4
98629000,2,2,2,2,2,3,2,4,2,2,4,2,2
98631000,1,0,0,2,2,4,4,2,3,3,3,4,4
98635000,0,2,2,2,2,3,2,4,4,4,4,4,4
98637000,0,0,2,2,2,2,3,3,3,3,3,4,4
98639000,0,0,0,2,2,3,2,2,3,3,4,4,4
98641000,0,1,3,3,3,3,3,4,3,3,2,4,4
98642000,0,1,2,2,3,3,2,4,3,3,4,4,4
98644000,1,2,3,3,3,3,3,4,4,4,4,4,4
98646000,0,1,2,2,2,3,2,3,3,3,4,4,4
98648000,0,1,2,2,2,3,2,4,3,3,4,4,4
98650000,2,2,2,2,3,3,3,4,3,3,3,4,4
98652000,2,2,2,2,3,3,3,4,3,3,4,4,4
98654000,2,1,2,1,2,3,2,4,4,4,4,4,4
98656000,0,1,0,2,3,3,3,3,3,3,4,4,4
98658000,2,2,2,2,3,3,3,4,4,4,4,4,4
98660000,0,0,0,1,2,4,3,4,3,3,2,4,2
98701000,0,0,0,2,1,3,1,4,2,3,2,4,2
99605000,2,2,1,1,2,2,2,4,4,4,4,4,2
99620000,0,0,0,1,2,2,2,2,2,4,4,4,3
99630000,0,0,0,1,1,2,1,1,4,4,4,3,4
99701000,0,0,0,1,2,2,1,2,2,4,4,1,2
