,важность
rs_отгружено_доля_Раздел C Обрабатывающие производства,0.6624228424345725
rs_работники_доля_Раздел C Обрабатывающие производства,0.5443686495771912
rs_зарплата_крупные,0.5035067946921151
rs_население_среднегод,0.4754648834750507
rs_отгружено_доля_Раздел L Деятельность по операциям с недвижимым имуществом,0.47226412204335855
rs_отгружено_доля_нераскрыто,0.45957923754305313
geo_dist_to_city_100k_km,0.44587622407127125
geo_market_potential,0.4392423959730669
geo_dist_to_region_center_km,0.42465350868195606
geo_dist_to_city_500k_km,0.4135980072642553
"rs_работники_доля_Раздел G Торговля оптовая и розничная, ремонт автотранспортных средств и мотоциклов",0.39183702466443315
geo_area_km2,0.38559358345638867
rs_работники_доля_Раздел P Образование,0.3847261429991573
"rs_отгружено_доля_Раздел M Деятельность профессиональная, научная и техническая",0.3839568461584369
"rs_работники_доля_Раздел O Государственное управление и обеспечение военной безопасности, социальное обеспечение",0.3615855310053608
rs_работники_доля_Раздел F Строительство,0.3596728549644886
rs_инвестиции_на_душу,0.32705758851994743
rs_работники_доля_Раздел L Деятельность по операциям с недвижимым имуществом,0.3249217487164483
rs_организации_на_1000,0.31547370077565523
rs_отгружено_доля_Раздел F Строительство,0.29852183688765505
rs_работники_доля_нераскрыто,0.2937211127922311
rs_отгружено_доля_Раздел N Деятельность административная и сопутствующие дополнительные услуги,0.2882493715565943
rs_отгружено_доля_Раздел В Добыча полезных ископаемых,0.2659463658091479
"rs_отгружено_доля_Раздел G Торговля оптовая и розничная, ремонт автотранспортных средств и мотоциклов",0.25984831756404797
rs_ип_на_1000,0.2591062391952039
rs_улицы,0.25593941765848205
rs_отгружено_доля_Раздел Н Транспортировка и хранение,0.2442322009090655
rs_отгружено_доля_Раздел J Деятельность в области информации и связи,0.22554567305281953
rs_отгружено_доля_Раздел I Деятельность гостиниц и предприятий общественного питания,0.2234025953794309
rs_работники_доля_Раздел J Деятельность в области информации и связи,0.2060639222745182
rs_коэф_естприроста,0.20605331949471786
"rs_работники_доля_Раздел Е Водоснабжение, водоотведение, организация сбора и утилизация отходов, деятельность по ликвидации загрязнений",0.19502567626496525
geo_compactness,0.1888037977967424
rs_работники_доля_Раздел I Деятельность гостиниц и предприятий общественного питания,0.18735359952036695
"rs_отгружено_доля_Раздел Е Водоснабжение, водоотведение, организация сбора и утилизация отходов, деятельность по ликвидации загрязнений",0.15597529596487722
rs_лпу,0.15559227436113104
"rs_отгружено_доля_Раздел D Обеспечение электрической энергией, газом и паром, кондиционирование воздуха",0.15494104342279683
"rs_работники_доля_Раздел M Деятельность профессиональная, научная и техническая",0.1467031834430323
geo_is_suburb,0.14185059191226476
"rs_работники_доля_Раздел D Обеспечение электрической энергией, газом и паром, кондиционирование воздуха",0.14139257887933224
rs_работники_доля_Раздел Н Транспортировка и хранение,0.1277407429037706
rs_работники_доля_Раздел Q Деятельность в области здравоохранения и социальных услуг,0.1272410563226812
rs_отгружено_доля_Раздел P Образование,0.10335289654410443
"rs_работники_доля_Раздел А Сельское, лесное хозяйство, охота, рыболовство и рыбоводство",0.10131397579372053
"rs_работники_доля_Раздел R Деятельность в области культуры, спорта, организации досуга и развлечений",0.10060080283364965
rs_работники_доля_Раздел N Деятельность административная и сопутствующие дополнительные услуги,0.0972239783387788
rs_отгружено_доля_Раздел Q Деятельность в области здравоохранения и социальных услуг,0.0785179833406261
rs_работники_доля_Раздел K Деятельность финансовая и страховая,0.07168340576202664
"rs_отгружено_доля_Раздел А Сельское, лесное хозяйство, охота, рыболовство и рыбоводство",0.06227238100694364
rs_коэф_рождаемости,0.05291817216094715
"rs_отгружено_доля_Раздел R Деятельность в области культуры, спорта, организации досуга и развлечений",0.03630574409047182
geo_neighbors,0.019068190082241573
